Site Occupation Location,Site Component,SubOc1,Period,Period No.,Period Start,Period End,Estimated Span,Area (ha),Population
1,SVP-ETAN-335,A,Early Tanguche,7,750,900,50,1,50
2,SVP-SAL-13,A,Las Salinas,1,-3000,-1800,400,0.5,15
3,SVP-SAL-14,A,Las Salinas,1,-3000,-1800,400,0.5,15
4,SVP-ETR-42,A,Early Tambo Real,9,1100,1470,123.3333333,10.8,2700
5,SVP-ETAN-390,A,Early Tanguche,7,750,900,50,0.5,25
6,SVP-ETAN-334,A,Early Tanguche,7,750,900,50,0.5,25
7,SVP-ETAN-389,A,Early Tanguche,7,750,900,50,0.5,25
8,SVP-ETAN-258,A,Early Tanguche,7,750,900,50,0.5,25
9,SVP-ETAN-259,A,Early Tanguche,7,750,900,50,0.5,25
10,SVP-ETAN-255,A,Early Tanguche,7,750,900,50,0.5,25
11,SVP-ETAN-256,A,Early Tanguche,7,750,900,50,0.5,25
12,SVP-ETAN-257,A,Early Tanguche,7,750,900,50,0.5,25
13,SVP-ETAN-260,A,Early Tanguche,7,750,900,50,0.5,25
14,SVP-ETAN-388,A,Early Tanguche,7,750,900,50,0.5,25
15,SVP-ETAN-387,A,Early Tanguche,7,750,900,50,1,50
16,SVP-ETAN-261,A,Early Tanguche,7,750,900,50,1,50
17,SVP-ETAN-254,A,Early Tanguche,7,750,900,50,0.5,25
18,SVP-ETAN-333,A,Early Tanguche,7,750,900,50,0.5,25
19,SVP-ETAN-252,A,Early Tanguche,7,750,900,50,1.25,60
20,SVP-ETAN-253,A,Early Tanguche,7,750,900,50,0.5,25
21,SVP-ETAN-194,A,Early Tanguche,7,750,900,50,4.5,450
21,SVP-ETR-41,B,Early Tambo Real,9,1100,1470,123.3333333,4.3,215
22,SVP-ETAN-262,A,Early Tanguche,7,750,900,50,0.5,25
23,SVP-ETAN-263,A,Early Tanguche,7,750,900,50,0.75,40
24,SVP-ETAN-264,A,Early Tanguche,7,750,900,50,0.5,25
25,SVP-ETAN-265,A,Early Tanguche,7,750,900,50,1,50
26,SVP-ETAN-386,A,Early Tanguche,7,750,900,50,1.5,75
27,SVP-ETR-40,A,Early Tambo Real,9,1100,1470,123.3333333,0.5,25
28,SVP-ETAN-332,A,Early Tanguche,7,750,900,50,0.5,25
29,SVP-ETAN-184,A,Early Tanguche,7,750,900,50,1.4,70
30,SVP-ETAN-385,A,Early Tanguche,7,750,900,50,0.25,10
31,SVP-ETAN-266,A,Early Tanguche,7,750,900,50,0.5,25
32,SVP-ETAN-382,A,Early Tanguche,7,750,900,50,1,50
33,SVP-ETR-39,A,Early Tambo Real,9,1100,1470,123.3333333,1.4,70
34,SVP-LTR-74,A,Late Tambo Real,10,1470,1532,20.66666667,0.75,75
35,SVP-ETAN-383,A,Early Tanguche,7,750,900,50,0.5,25
36,SVP-ETAN-384,A,Early Tanguche,7,750,900,50,0.25,10
37,SVP-ETAN-331,A,Early Tanguche,7,750,900,50,0.5,25
38,SVP-ETAN-380,A,Early Tanguche,7,750,900,50,0.5,25
39,SVP-SAL-36,A,Las Salinas,1,-3000,-1800,400,0.2,5
40,SVP-ETAN-381,A,Early Tanguche,7,750,900,50,1,50
41,SVP-SAL-19,A,Las Salinas,1,-3000,-1800,400,0.5,15
42,SVP-SAL-18,A,Las Salinas,1,-3000,-1800,400,0.5,15
43,SVP-ETR-38,A,Early Tambo Real,9,1100,1470,123.3333333,4,200
44,SVP-SAL-23,A,Las Salinas,1,-3000,-1800,400,1,30
45,SVP-ETAN-379,A,Early Tanguche,7,750,900,50,0.5,25
46,SVP-ETAN-268,A,Early Tanguche,7,750,900,50,0.25,10
47,SVP-ETAN-377,A,Early Tanguche,7,750,900,50,0.5,25
48,SVP-SAL-16,A,Las Salinas,1,-3000,-1800,400,1,50
49,SVP-LSUCH-145,A,Late Suchimancillo,5,100,500,133.3333333,3.2,320
49,SVP-ETAN-183,B,Early Tanguche,7,750,900,50,1.8,180
50,SVP-ETAN-239,A,Early Tanguche,7,750,900,50,0.5,25
51,SVP-ETAN-267,A,Early Tanguche,7,750,900,50,0.25,10
52,SVP-ETAN-378,A,Early Tanguche,7,750,900,50,0.5,25
53,SVP-GUAD-205,A,Guadalupito,6,300,750,150,0.8,40
54,SVP-SAL-15,A,Las Salinas,1,-3000,-1800,400,0.5,15
55,SVP-ETAN-202,A,Early Tanguche,7,750,900,50,1.1,55
55,SVP-ETR-49,B,Early Tambo Real,9,1100,1470,123.3333333,1.1,15
56,SVP-ETAN-207,A,Early Tanguche,7,750,900,50,0.2,10
57,SVP-SAL-20,A,Las Salinas,1,-3000,-1800,400,0.25,15
58,SVP-ETAN-204,A,Early Tanguche,7,750,900,50,0.2,10
59,SVP-ETAN-206,A,Early Tanguche,7,750,900,50,0.6,30
60,SVP-LSUCH-146,A,Late Suchimancillo,5,100,500,133.3333333,14.6,730
60,SVP-ETAN-185,B,Early Tanguche,7,750,900,50,2.25,225
60,SVP-ETR-30,C,Early Tambo Real,9,1100,1470,123.3333333,1,100
61,SVP-SAL-22,A,Las Salinas,1,-3000,-1800,400,0.25,10
62,SVP-SAL-24,A,Las Salinas,1,-3000,-1800,400,0.15,5
63,SVP-ETAN-205,A,Early Tanguche,7,750,900,50,0.3,15
64,SVP-ETAN-201,A,Early Tanguche,7,750,900,50,0.25,15
64,SVP-ETR-48,B,Early Tambo Real,9,1100,1470,123.3333333,0.25,5
65,SVP-ETAN-251,A,Early Tanguche,7,750,900,50,0.1,5
66,SVP-SAL-35,A,Las Salinas,1,-3000,-1800,400,0.75,20
67,SVP-SAL-25,A,Las Salinas,1,-3000,-1800,400,0.15,5
68,SVP-ETAN-330,A,Early Tanguche,7,750,900,50,3.5,50
69,SVP-ETAN-203,A,Early Tanguche,7,750,900,50,1.4,70
70,SVP-ETAN-329,A,Early Tanguche,7,750,900,50,3,75
71,SVP-SAL-34,A,Las Salinas,1,-3000,-1800,400,0.75,20
72,SVP-LTAN-51,A,Late Tanguche,8,900,1100,66.66666667,1.8,90
73,SVP-SAL-17,A,Las Salinas,1,-3000,-1800,400,8.75,260
74,SVP-ETAN-200,A,Early Tanguche,7,750,900,50,2,200
75,SVP-LTR-72,A,Late Tambo Real,10,1470,1532,20.66666667,0.5,25
76,SVP-SAL-26,A,Las Salinas,1,-3000,-1800,400,0.15,5
77,SVP-SAL-27,A,Las Salinas,1,-3000,-1800,400,0.15,5
78,SVP-ETAN-328,A,Early Tanguche,7,750,900,50,0.5,15
80,SVP-ETAN-250,A,Early Tanguche,7,750,900,50,0.5,5
81,SVP-ETAN-327,A,Early Tanguche,7,750,900,50,1.1,30
83,SVP-LSUCH-153,A,Late Suchimancillo,5,100,500,133.3333333,1.4,70
84,SVP-ETR-37,A,Early Tambo Real,9,1100,1470,123.3333333,2.9,290
85,SVP-GUAD-169,A,Guadalupito,6,300,750,150,1.6,80
87,SVP-ETR-45,A,Early Tambo Real,9,1100,1470,123.3333333,0.9,45
87,SVP-LTR-73,A,Late Tambo Real,10,1470,1532,20.66666667,1.4,140
89,SVP-SAL-28,A,Las Salinas,1,-3000,-1800,400,0.15,5
90,SVP-ETAN-326,A,Early Tanguche,7,750,900,50,0.9,45
91,SVP-ETAN-249,A,Early Tanguche,7,750,900,50,4.7,70
92,SVP-ETAN-325,A,Early Tanguche,7,750,900,50,0.3,10
93,SVP-ETAN-208,A,Early Tanguche,7,750,900,50,2.4,120
94,SVP-ETAN-199,A,Early Tanguche,7,750,900,50,2.7,270
94,SVP-ETR-47,B,Early Tambo Real,9,1100,1470,123.3333333,2.75,275
95,SVP-ETAN-240,A,Early Tanguche,7,750,900,50,1.6,25
96,SVP-ETAN-324,A,Early Tanguche,7,750,900,50,0.5,25
97,SVP-SAL-29,A,Las Salinas,1,-3000,-1800,400,0.15,5
98,SVP-ETAN-323,A,Early Tanguche,7,750,900,50,1,25
100,SVP-SAL-31,A,Las Salinas,1,-3000,-1800,400,0.15,5
101,SVP-ETAN-248,A,Early Tanguche,7,750,900,50,0.8,10
102,SVP-GUAD-113,A,Guadalupito,6,300,750,150,6.3,315
103,SVP-SAL-30,A,Las Salinas,1,-3000,-1800,400,0.15,5
104,SVP-ETAN-322,A,Early Tanguche,7,750,900,50,0.3,5
106,SVP-ETAN-269,A,Early Tanguche,7,750,900,50,0.6,30
107,SVP-ETAN-209,A,Early Tanguche,7,750,900,50,1.6,80
108,SVP-SAL-32,A,Las Salinas,1,-3000,-1800,400,0.2,5
109,SVP-GUAD-111,A,Guadalupito,6,300,750,150,5.85,585
109,SVP-GUAD-112,A,Guadalupito,6,300,750,150,13,1875
109,SVP-ETAN-180,A,Early Tanguche,7,750,900,50,1.6,60
109,SVP-ETR-26,B,Early Tambo Real,9,1100,1470,123.3333333,1,50
109,SVP-LTR-38,B,Late Tambo Real,10,1470,1532,20.66666667,1.4,70
111,SVP-GUAD-168,A,Guadalupito,6,300,750,150,1.8,30
112,SVP-SAL-33,A,Las Salinas,1,-3000,-1800,400,0.15,5
113,SVP-ETAN-270,A,Early Tanguche,7,750,900,50,0.5,25
114,SVP-ETAN-247,A,Early Tanguche,7,750,900,50,2.25,110
115,SVP-ETAN-321,A,Early Tanguche,7,750,900,50,33,495
115,SVP-LTAN-56,A,Late Tanguche,8,900,1100,66.66666667,1,50
116,SVP-GUAD-109,A,Guadalupito,6,300,750,150,7.4,370
117,SVP-LTR-75,A,Late Tambo Real,10,1470,1532,20.66666667,2.3,35
118,SVP-ETAN-376,A,Early Tanguche,7,750,900,50,1,15
122,SVP-GUAD-94,A,Guadalupito,6,300,750,150,2.25,225
122,SVP-ETAN-168,A,Early Tanguche,7,750,900,50,2.25,175
123,SVP-ETAN-179,A,Early Tanguche,7,750,900,50,1.75,175
123,SVP-LTAN-49,A,Late Tanguche,8,900,1100,66.66666667,0.75,40
124,SVP-ETAN-299,A,Early Tanguche,7,750,900,50,0.25,10
125,SVP-ETAN-375,A,Early Tanguche,7,750,900,50,0.5,10
126,SVP-VIN-37,A,Vinzos,3,-500,-100,133.3333333,26,2050
128,SVP-ETAN-298,A,Early Tanguche,7,750,900,50,0.3,5
133,SVP-ETAN-246,A,Early Tanguche,7,750,900,50,4.7,235
134,SVP-ESUCH-126,A,Early Suchimancillo,4,-100,100,66.66666667,70,3500
134,SVP-LSUCH-149,A,Late Suchimancillo,5,100,500,133.3333333,14.2,1420
134,SVP-LTAN-53,B,Late Tanguche,8,900,1100,66.66666667,20,2000
134,SVP-LTAN-54,B,Late Tanguche,8,900,1100,66.66666667,3,300
134,SVP-ETR-43,B,Early Tambo Real,9,1100,1470,370,33,3300
134,SVP-LTR-68,B,Late Tambo Real,10,1470,1532,20.66666667,20,1000
136,SVP-ETAN-374,A,Early Tanguche,7,750,900,50,2.25,110
138,SVP-GUAD-104,A,Guadalupito,6,300,750,150,2.25,280
138,SVP-ETAN-173,A,Early Tanguche,7,750,900,50,0.36,90
140,SVP-ETAN-297,A,Early Tanguche,7,750,900,50,0.3,5
141,SVP-ETAN-319,A,Early Tanguche,7,750,900,50,0.5,5
142,SVP-ETAN-175,A,Early Tanguche,7,750,900,50,1.1,55
143,SVP-ETAN-174,A,Early Tanguche,7,750,900,50,0.75,40
145,SVP-ETAN-318,A,Early Tanguche,7,750,900,50,8.5,150
146,SVP-LSUCH-144,A,Late Suchimancillo,5,100,500,133.3333333,1,15
146,SVP-GUAD-110,A,Guadalupito,6,300,750,150,1,50
148,SVP-ETAN-373,A,Early Tanguche,7,750,900,50,0.2,5
150,SVP-GUAD-102,A,Guadalupito,6,300,750,150,1.8,25
151,SVP-ETAN-296,A,Early Tanguche,7,750,900,50,0.3,5
152,SVP-ETAN-372,A,Early Tanguche,7,750,900,50,1.25,60
153,SVP-ESUCH-128,A,Early Suchimancillo,4,-100,100,66.66666667,4.5,225
153,SVP-LSUCH-151,A,Late Suchimancillo,5,100,500,133.3333333,2,100
153,SVP-ETR-46,B,Early Tambo Real,9,1100,1470,123.3333333,1.1,55
154,SVP-ETAN-317,A,Early Tanguche,7,750,900,50,2.25,35
155,SVP-ETAN-241,A,Early Tanguche,7,750,900,50,1.6,25
156,SVP-ETR-36,B,Early Tambo Real,9,1100,1470,123.3333333,0.25,25
157,SVP-ESUCH-121,A,Early Suchimancillo,4,-100,100,66.66666667,0.15,15
157,SVP-ETAN-177,B,Early Tanguche,7,750,900,50,0.25,5
157,SVP-LTAN-48,B,Late Tanguche,8,900,1100,66.66666667,0.5,50
158,SVP-ETAN-295,A,Early Tanguche,7,750,900,50,0.5,10
159,SVP-ETAN-391,A,Early Tanguche,7,750,900,50,1.25,60
160,SVP-ETAN-394,A,Early Tanguche,7,750,900,50,0.75,40
161,SVP-LSUCH-152,A,Late Suchimancillo,5,100,500,133.3333333,1.1,
163,SVP-ETAN-392,A,Early Tanguche,7,750,900,50,0.75,10
164,SVP-ETAN-294,A,Early Tanguche,7,750,900,50,0.3,5
165,SVP-ETAN-371,A,Early Tanguche,7,750,900,50,0.5,25
166,SVP-ETAN-393,A,Early Tanguche,7,750,900,50,0.25,10
167,SVP-ETAN-395,A,Early Tanguche,7,750,900,50,0.75,40
168,SVP-ETAN-210,A,Early Tanguche,7,750,900,50,0.3,15
171,SVP-GUAD-98,A,Guadalupito,6,300,750,150,1.4,20
172,SVP-ETAN-316,A,Early Tanguche,7,750,900,50,4.5,80
173,SVP-ETAN-396,A,Early Tanguche,7,750,900,50,0.75,40
174,SVP-ETAN-398,A,Early Tanguche,7,750,900,50,2,100
175,SVP-ETAN-399,A,Early Tanguche,7,750,900,50,2,100
176,SVP-ETAN-400,A,Early Tanguche,7,750,900,50,0.5,25
177,SVP-ETAN-315,A,Early Tanguche,7,750,900,50,0.25,10
178,SVP-GUAD-132,A,Guadalupito,6,300,750,150,3.6,200
178,SVP-ETAN-193,A,Early Tanguche,7,750,900,50,1.4,50
180,SVP-ETAN-314,A,Early Tanguche,7,750,900,50,0.5,10
181,SVP-ETAN-397,A,Early Tanguche,7,750,900,50,0.25,10
182,SVP-ETAN-370,A,Early Tanguche,7,750,900,50,2.8,140
183,SVP-ETAN-401,A,Early Tanguche,7,750,900,50,1.5,75
183,SVP-LTR-77,B,Late Tambo Real,10,1470,1532,20.66666667,1.5,20
184,SVP-GUAD-97,A,Guadalupito,6,300,750,150,3.6,360
185,SVP-ETAN-310,A,Early Tanguche,7,750,900,50,1.7,25
186,SVP-ESUCH-130,A,Early Suchimancillo,4,-100,100,66.66666667,5.85,
187,SVP-ETAN-176,A,Early Tanguche,7,750,900,50,1,100
188,SVP-ETAN-293,A,Early Tanguche,7,750,900,50,0.5,10
189,SVP-ETAN-311,A,Early Tanguche,7,750,900,50,1,15
190,SVP-ETAN-313,A,Early Tanguche,7,750,900,50,0.1,5
191,SVP-ETAN-309,A,Early Tanguche,7,750,900,50,2.5,35
192,SVP-GUAD-133,A,Guadalupito,6,300,750,150,5.6,560
193,SVP-ETAN-243,A,Early Tanguche,7,750,900,50,1.6,25
194,SVP-ETAN-304,A,Early Tanguche,7,750,900,50,3.1,75
195,SVP-ETAN-312,A,Early Tanguche,7,750,900,50,0.5,5
196,SVP-LTR-64,A,Late Tambo Real,10,1470,1532,20.66666667,7.9,395
197,SVP-ETAN-369,A,Early Tanguche,7,750,900,50,1.1,55
198,SVP-ETAN-244,A,Early Tanguche,7,750,900,50,0.1,5
199,SVP-ESUCH-115,A,Early Suchimancillo,4,-100,100,66.66666667,0.25,25
202,SVP-LSUCH-142,A,Late Suchimancillo,5,100,500,133.3333333,2.5,10
202,SVP-ETAN-166,B,Early Tanguche,7,750,900,50,2.5,125
202,SVP-LTR-35,D,Late Tambo Real,10,1470,1532,20.66666667,1.4,70
203,SVP-ETAN-170,A,Early Tanguche,7,750,900,50,0.7,35
204,SVP-ETAN-292,A,Early Tanguche,7,750,900,50,0.3,5
205,SVP-ETAN-303,A,Early Tanguche,7,750,900,50,0.8,40
206,SVP-ETAN-211,A,Early Tanguche,7,750,900,50,0.7,70
208,SVP-GUAD-68,A,Guadalupito,6,300,750,150,0.25,25
210,SVP-ETAN-122,A,Early Tanguche,7,750,900,50,1,50
211,SVP-LTR-62,A,Late Tambo Real,10,1470,1532,20.66666667,0.9,45
212,SVP-ETAN-242,A,Early Tanguche,7,750,900,50,3.3,50
213,SVP-ETAN-139,A,Early Tanguche,7,750,900,50,0.75,10
216,SVP-LTR-61,A,Late Tambo Real,10,1470,1532,20.66666667,1.4,70
219,SVP-ETAN-245,A,Early Tanguche,7,750,900,50,0.1,5
220,SVP-ETAN-138,A,Early Tanguche,7,750,900,50,0.5,50
221,SVP-GUAD-67,A,Guadalupito,6,300,750,150,0.7,50
222,SVP-ESUCH-114,A,Early Suchimancillo,4,-100,100,66.66666667,0.25,5
222,SVP-ETR-23,B,Early Tambo Real,9,1100,1470,123.3333333,0.5,5
224,SVP-ETAN-302,A,Early Tanguche,7,750,900,50,2.5,40
225,SVP-ETAN-307,A,Early Tanguche,7,750,900,50,0.5,5
226,SVP-ETAN-368,A,Early Tanguche,7,750,900,50,1.25,60
228,SVP-ESUCH-116,A,Early Suchimancillo,4,-100,100,66.66666667,0.5,50
228,SVP-LTR-22,B,Late Tambo Real,10,1470,1532,20.66666667,0.5,25
229,SVP-GUAD-65,A,Guadalupito,6,300,750,150,1.1,75
230,SVP-ETAN-212,A,Early Tanguche,7,750,900,50,0.7,70
231,SVP-LTR-21,A,Late Tambo Real,10,1470,1532,20.66666667,0.5,50
232,SVP-GUAD-63,A,Guadalupito,6,300,750,150,1.4,100
233,SVP-ETAN-124,A,Early Tanguche,7,750,900,50,0.75,35
234,SVP-ETAN-120,A,Early Tanguche,7,750,900,50,0.5,25
235,SVP-ETAN-291,A,Early Tanguche,7,750,900,50,0.5,5
236,SVP-ETAN-367,A,Early Tanguche,7,750,900,50,0.3,5
239,SVP-GUAD-161,A,Guadalupito,6,300,750,150,4.1,410
240,SVP-GUAD-150,A,Guadalupito,6,300,750,150,3.8,190
241,SVP-LTR-23,A,Late Tambo Real,10,1470,1532,20.66666667,0.25,25
244,SVP-LTR-15,A,Late Tambo Real,10,1470,1532,20.66666667,0.25,25
245,SVP-LTR-66,A,Late Tambo Real,10,1470,1532,20.66666667,2,100
250,SVP-LTR-20,A,Late Tambo Real,10,1470,1532,20.66666667,0.5,50
253,SVP-ETAN-306,A,Early Tanguche,7,750,900,50,1,20
255,SVP-ETAN-140,A,Early Tanguche,7,750,900,50,0.75,75
258,SVP-GUAD-137,A,Guadalupito,6,300,750,150,1.8,180
259,SVP-LTR-24,A,Late Tambo Real,10,1470,1532,20.66666667,0.5,50
261,SVP-ETAN-121,A,Early Tanguche,7,750,900,50,0.75,35
262,SVP-ETAN-213,A,Early Tanguche,7,750,900,50,0.2,20
267,SVP-LTR-60,A,Late Tambo Real,10,1470,1532,20.66666667,2,100
269,SVP-LTR-59,A,Late Tambo Real,10,1470,1532,20.66666667,1.1,55
271,SVP-LSUCH-139,A,Late Suchimancillo,5,100,500,133.3333333,1.25,125
272,SVP-ETAN-300,A,Early Tanguche,7,750,900,50,0.75,40
273,SVP-ETAN-305,A,Early Tanguche,7,750,900,50,0.5,5
275,SVP-ETAN-290,A,Early Tanguche,7,750,900,50,1,15
276,SVP-ETAN-301,A,Early Tanguche,7,750,900,50,0.5,25
281,SVP-ESUCH-125,A,Early Suchimancillo,4,-100,100,66.66666667,4.8,180
281,SVP-GUAD-134,B,Guadalupito,6,300,750,150,1.1,100
281,SVP-ETAN-192,B,Early Tanguche,7,750,900,50,0.9,90
281,SVP-ETR-35,C,Early Tambo Real,9,1100,1470,123.3333333,2.25,225
283,SVP-ETAN-215,A,Early Tanguche,7,750,900,50,1.5,150
284,SVP-ETAN-214,A,Early Tanguche,7,750,900,50,0.3,5
287,SVP-ETAN-366,A,Early Tanguche,7,750,900,50,2,50
288,SVP-ETAN-216,A,Early Tanguche,7,750,900,50,0.8,80
292,SVP-LTR-52,A,Late Tambo Real,10,1470,1532,20.66666667,0.5,25
294,SVP-ETAN-141,A,Early Tanguche,7,750,900,50,1.1,110
295,SVP-ETAN-289,A,Early Tanguche,7,750,900,50,0.5,5
300,SVP-ETAN-161,A,Early Tanguche,7,750,900,50,1.1,110
300,SVP-ETR-24,B,Early Tambo Real,9,1100,1470,123.3333333,1.1,55
304,SVP-LTR-58,A,Late Tambo Real,10,1470,1532,20.66666667,0.7,35
305,SVP-ETAN-143,A,Early Tanguche,7,750,900,50,1.1,110
306,SVP-ETAN-288,A,Early Tanguche,7,750,900,50,0.8,10
307,SVP-ETAN-403,A,Early Tanguche,7,750,900,50,0.25,5
312,SVP-ETAN-134,A,Early Tanguche,7,750,900,50,1,100
313,SVP-LTR-76,A,Late Tambo Real,10,1470,1532,20.66666667,0.8,40
314,SVP-ETAN-308,A,Early Tanguche,7,750,900,50,1,10
315,SVP-ETAN-217,A,Early Tanguche,7,750,900,50,0.5,50
317,SVP-ETAN-402,A,Early Tanguche,7,750,900,50,0.25,5
318,SVP-GUAD-174,A,Guadalupito,6,300,750,150,0.25,5
318,SVP-LTR-67,B,Late Tambo Real,10,1470,1532,20.66666667,0.25,5
319,SVP-ETAN-287,A,Early Tanguche,7,750,900,50,0.8,10
320,SVP-ETAN-159,A,Early Tanguche,7,750,900,50,1.6,160
321,SVP-ETAN-133,A,Early Tanguche,7,750,900,50,0.7,70
322,SVP-ETAN-218,A,Early Tanguche,7,750,900,50,0.4,40
323,SVP-GUAD-135,A,Guadalupito,6,300,750,150,6.3,575
324,SVP-LSUCH-148,A,Late Suchimancillo,5,100,500,133.3333333,6.3,315
325,SVP-LTR-51,A,Late Tambo Real,10,1470,1532,20.66666667,0.5,50
326,SVP-ETAN-154,A,Early Tanguche,7,750,900,50,1,100
327,SVP-ETAN-136,A,Early Tanguche,7,750,900,50,8.25,2060
329,SVP-ETAN-119,A,Early Tanguche,7,750,900,50,0.5,25
330,SVP-ESUCH-107,A,Early Suchimancillo,4,-100,100,66.66666667,3,45
331,SVP-ETAN-365,A,Early Tanguche,7,750,900,50,0.5,10
332,SVP-LSUCH-135,A,Late Suchimancillo,5,100,500,133.3333333,1.4,140
332,SVP-ETAN-135,B,Early Tanguche,7,750,900,50,1,15
332,SVP-LTAN-43,B,Late Tanguche,8,900,1100,66.66666667,1.1,55
333,SVP-LTR-57,A,Late Tambo Real,10,1470,1532,20.66666667,1.1,55
334,SVP-LTR-47,A,Late Tambo Real,10,1470,1532,20.66666667,16.5,1650
336,SVP-ETAN-285,A,Early Tanguche,7,750,900,50,1.1,15
337,SVP-LTR-27,A,Late Tambo Real,10,1470,1532,20.66666667,1.4,100
338,SVP-ETAN-156,A,Early Tanguche,7,750,900,50,2.25,225
339,SVP-ETAN-132,A,Early Tanguche,7,750,900,50,1.5,150
341,SVP-ETAN-219,A,Early Tanguche,7,750,900,50,0.9,90
342,SVP-GUAD-201,A,Guadalupito,6,300,750,150,6.5,650
343,SVP-ETAN-155,A,Early Tanguche,7,750,900,50,4.3,430
344,SVP-LSUCH-127,A,Late Suchimancillo,5,100,500,133.3333333,0.5,50
344,SVP-LTR-9,B,Late Tambo Real,10,1470,1532,20.66666667,1,50
345,SVP-ETAN-286,A,Early Tanguche,7,750,900,50,1,20
346,SVP-ETAN-189,A,Early Tanguche,7,750,900,50,5.9,590
346,SVP-LTAN-47,A,Late Tanguche,8,900,1100,200,5.6,560
346,SVP-ETR-33,A,Early Tambo Real,9,1100,1470,123.3333333,5,500
347,SVP-ESUCH-106,A,Early Suchimancillo,4,-100,100,66.66666667,0.5,50
349,SVP-ETAN-284,A,Early Tanguche,7,750,900,50,0.5,10
350,SVP-ETAN-130,A,Early Tanguche,7,750,900,50,2.25,225
351,SVP-ETAN-128,A,Early Tanguche,7,750,900,50,0.75,75
352,SVP-GUAD-61,A,Guadalupito,6,300,750,150,0.9,75
353,SVP-ETAN-364,A,Early Tanguche,7,750,900,50,1.1,35
354,SVP-ETAN-220,A,Early Tanguche,7,750,900,50,0.3,30
356,SVP-GUAD-57,A,Guadalupito,6,300,750,150,2.25,150
357,SVP-LTR-18,A,Late Tambo Real,10,1470,1532,20.66666667,1.6,160
360,SVP-ETAN-283,A,Early Tanguche,7,750,900,50,0.8,20
361,SVP-VIN-33,A,Vinzos,3,-500,-100,133.3333333,4,400
362,SVP-GUAD-56,A,Guadalupito,6,300,750,150,1.4,50
363,SVP-ESUCH-105,A,Early Suchimancillo,4,-100,100,66.66666667,0.5,50
364,SVP-GUAD-48,A,Guadalupito,6,300,750,150,1.6,100
364,SVP-ETAN-106,A,Early Tanguche,7,750,900,50,1.6,80
365,SVP-ETAN-280,A,Early Tanguche,7,750,900,50,0.25,5
366,SVP-VIN-32,A,Vinzos,3,-500,-100,133.3333333,0.25,25
368,SVP-ETAN-363,A,Early Tanguche,7,750,900,50,0.5,15
369,SVP-VIN-31,A,Vinzos,3,-500,-100,133.3333333,0.5,50
370,SVP-GUAD-54,A,Guadalupito,6,300,750,150,1.4,100
372,SVP-ETAN-282,A,Early Tanguche,7,750,900,50,0.5,25
373,SVP-ETAN-221,A,Early Tanguche,7,750,900,50,0.8,80
374,SVP-GUAD-127,A,Guadalupito,6,300,750,150,1.1,275
375,SVP-LTR-48,A,Late Tambo Real,10,1470,1532,20.66666667,2.25,110
378,SVP-ESUCH-104,A,Early Suchimancillo,4,-100,100,66.66666667,1,50
379,SVP-ETAN-105,A,Early Tanguche,7,750,900,50,2.25,115
381,SVP-ETAN-279,A,Early Tanguche,7,750,900,50,2,30
382,SVP-ETAN-281,A,Early Tanguche,7,750,900,50,0.8,10
383,SVP-ETAN-142,A,Early Tanguche,7,750,900,50,7.2,1800
384,SVP-LTAN-42,A,Late Tanguche,8,900,1100,66.66666667,3.4,340
384,SVP-ETR-22,A,Early Tambo Real,9,1100,1470,123.3333333,3.4,170
386,SVP-ETAN-103,A,Early Tanguche,7,750,900,50,1,50
387,SVP-ETR-34,A,Early Tambo Real,9,1100,1470,123.3333333,2.5,250
387,SVP-LTR-55,A,Late Tambo Real,10,1470,1532,20.66666667,2.25,110
388,SVP-ETAN-95,A,Early Tanguche,7,750,900,50,1.1,55
389,SVP-ETAN-362,A,Early Tanguche,7,750,900,50,0.8,10
390,SVP-LTR-54,A,Late Tambo Real,10,1470,1532,20.66666667,0.9,45
391,SVP-VIN-34,A,Vinzos,3,-500,-100,133.3333333,2.7,135
394,SVP-ETAN-404,A,Early Tanguche,7,750,900,50,55,5500
396,SVP-ESUCH-103,A,Early Suchimancillo,4,-100,100,66.66666667,0.9,90
397,SVP-ETAN-226,A,Early Tanguche,7,750,900,50,0.5,25
398,SVP-LSUCH-143,A,Late Suchimancillo,5,100,500,133.3333333,1,15
398,SVP-GUAD-93,A,Guadalupito,6,300,750,150,10.35,1035
399,SVP-CAY-51,A,Cayhuamarca,2,-1800,-500,433.3333333,0.5,50
400,SVP-ETAN-146,A,Early Tanguche,7,750,900,50,1.4,140
401,SVP-CAY-50,A,Cayhuamarca,2,-1800,-500,433.3333333,0.25,25
402,SVP-LSUCH-124,A,Late Suchimancillo,5,100,500,133.3333333,3,45
402,SVP-ETAN-101,B,Early Tanguche,7,750,900,50,4.5,225
403,SVP-ETAN-99,A,Early Tanguche,7,750,900,50,2.25,35
404,SVP-ETAN-278,A,Early Tanguche,7,750,900,50,1.6,25
405,SVP-SAL-21,A,Las Salinas,1,-3000,-1800,400,0.5,30
408,SVP-ETAN-361,A,Early Tanguche,7,750,900,50,0.8,10
412,SVP-ETAN-277,A,Early Tanguche,7,750,900,50,1,50
413,SVP-ETAN-222,A,Early Tanguche,7,750,900,50,0.75,75
414,SVP-LTR-56,A,Late Tambo Real,10,1470,1532,20.66666667,0.25,5
415,SVP-CAY-53,A,Cayhuamarca,2,-1800,-500,433.3333333,3,150
415,SVP-VIN-36,A,Vinzos,3,-500,-100,133.3333333,3,300
416,SVP-ESUCH-118,A,Early Suchimancillo,4,-100,100,66.66666667,3,45
416,SVP-LSUCH-137,A,Late Suchimancillo,5,100,500,133.3333333,3,55
416,SVP-ETAN-137,B,Early Tanguche,7,750,900,50,0.5,5
417,SVP-ETAN-94,A,Early Tanguche,7,750,900,50,1.8,90
418,SVP-ETAN-276,A,Early Tanguche,7,750,900,50,0.7,10
421,SVP-ETAN-225,A,Early Tanguche,7,750,900,50,0.75,40
423,SVP-LTR-49,A,Late Tambo Real,10,1470,1532,20.66666667,0.5,25
424,SVP-CAY-49,A,Cayhuamarca,2,-1800,-500,433.3333333,0.25,25
426,SVP-LTR-36,B,Late Tambo Real,10,1470,1532,20.66666667,4.5,450
428,SVP-LTR-17,A,Late Tambo Real,10,1470,1532,20.66666667,0.25,10
429,SVP-ETAN-275,A,Early Tanguche,7,750,900,50,0.7,10
430,SVP-ETAN-224,A,Early Tanguche,7,750,900,50,1,100
431,SVP-ETAN-147,A,Early Tanguche,7,750,900,50,37.4,5870
431,SVP-LTAN-44,A,Late Tanguche,8,900,1100,66.66666667,37.4,5870
431,SVP-LTR-25,B,Late Tambo Real,10,1470,1532,20.66666667,4.3,65
432,SVP-ETAN-126,A,Early Tanguche,7,750,900,50,1.1,15
433,SVP-ETAN-115,A,Early Tanguche,7,750,900,50,1.4,20
435,SVP-GUAD-195,A,Guadalupito,6,300,750,150,2.8,280
436,SVP-ETAN-360,A,Early Tanguche,7,750,900,50,0.5,30
437,SVP-ETAN-223,A,Early Tanguche,7,750,900,50,0.25,25
438,SVP-GUAD-119,A,Guadalupito,6,300,750,150,0.75,75
439,SVP-GUAD-87,A,Guadalupito,6,300,750,150,1.35,135
440,SVP-GUAD-78,A,Guadalupito,6,300,750,150,0.7,70
441,SVP-ETAN-117,A,Early Tanguche,7,750,900,50,0.5,5
443,SVP-ETAN-100,A,Early Tanguche,7,750,900,50,1.1,110
444,SVP-ESUCH-102,A,Early Suchimancillo,4,-100,100,66.66666667,1,100
445,SVP-ETAN-227,A,Early Tanguche,7,750,900,50,1.5,75
447,SVP-ETAN-131,A,Early Tanguche,7,750,900,50,0.25,5
448,SVP-CAY-48,A,Cayhuamarca,2,-1800,-500,433.3333333,1,100
448,SVP-VIN-30,A,Vinzos,3,-500,-100,400,1,100
448,SVP-ESUCH-110,A,Early Suchimancillo,4,-100,100,66.66666667,0.75,10
449,SVP-LTR-41,A,Late Tambo Real,10,1470,1532,20.66666667,0.25,5
451,SVP-ETAN-274,A,Early Tanguche,7,750,900,50,0.7,10
453,SVP-GUAD-86,A,Guadalupito,6,300,750,150,4.5,200
454,SVP-LTR-32,A,Late Tambo Real,10,1470,1532,20.66666667,2.7,270
456,SVP-LSUCH-147,A,Late Suchimancillo,5,100,500,133.3333333,3.25,165
456,SVP-GUAD-130,A,Guadalupito,6,300,750,150,3.2,320
457,SVP-GUAD-88,A,Guadalupito,6,300,750,150,6,600
459,SVP-ETAN-228,A,Early Tanguche,7,750,900,50,0.5,25
462,SVP-LTR-34,A,Late Tambo Real,10,1470,1532,20.66666667,1,15
464,SVP-ETAN-359,A,Early Tanguche,7,750,900,50,0.5,25
466,SVP-GUAD-92,A,Guadalupito,6,300,750,150,3.6,300
468,SVP-LTR-33,A,Late Tambo Real,10,1470,1532,20.66666667,4.5,450
469,SVP-LTAN-45,A,Late Tanguche,8,900,1100,66.66666667,1,50
471,SVP-LSUCH-118,A,Late Suchimancillo,5,100,500,133.3333333,0.4,
472,SVP-GUAD-192,A,Guadalupito,6,300,750,150,29.5,2950
476,SVP-ETAN-93,A,Early Tanguche,7,750,900,50,0.25,15
477,SVP-ETAN-92,A,Early Tanguche,7,750,900,50,0.7,70
478,SVP-ETAN-271,A,Early Tanguche,7,750,900,50,1.1,15
479,SVP-ETAN-273,A,Early Tanguche,7,750,900,50,2.5,40
480,SVP-LTR-46,A,Late Tambo Real,10,1470,1532,20.66666667,3.8,380
481,SVP-LTR-6,A,Late Tambo Real,10,1470,1532,20.66666667,1.4,70
482,SVP-ETAN-229,A,Early Tanguche,7,750,900,50,1.5,75
486,SVP-GUAD-74,A,Guadalupito,6,300,750,150,1.6,160
487,SVP-CAY-46,A,Cayhuamarca,2,-1800,-500,433.3333333,0.75,75
488,SVP-ETAN-111,A,Early Tanguche,7,750,900,50,0.5,50
490,SVP-ETAN-233,A,Early Tanguche,7,750,900,50,1.25,65
491,SVP-GUAD-124,A,Guadalupito,6,300,750,150,0.5,50
493,SVP-ESUCH-109,A,Early Suchimancillo,4,-100,100,66.66666667,3.8,190
493,SVP-LSUCH-132,A,Late Suchimancillo,5,100,500,133.3333333,1.6,160
493,SVP-ETAN-110,B,Early Tanguche,7,750,900,50,7.9,395
494,SVP-ETAN-234,A,Early Tanguche,7,750,900,50,1.5,75
495,SVP-CAY-54,A,Cayhuamarca,2,-1800,-500,433.3333333,0.25,15
495,SVP-ETAN-232,B,Early Tanguche,7,750,900,50,1.5,75
498,SVP-VIN-35,A,Vinzos,3,-500,-100,133.3333333,1,50
500,SVP-GUAD-91,A,Guadalupito,6,300,750,150,1.8,90
500,SVP-LTR-37,B,Late Tambo Real,10,1470,1532,20.66666667,1.6,80
503,SVP-ETAN-358,A,Early Tanguche,7,750,900,50,0.75,40
504,SVP-ETAN-230,A,Early Tanguche,7,750,900,50,0.5,25
505,SVP-ESUCH-124,A,Early Suchimancillo,4,-100,100,66.66666667,0.25,25
505,SVP-GUAD-122,B,Guadalupito,6,300,750,150,1.6,160
505,SVP-ETR-32,C,Early Tambo Real,9,1100,1470,123.3333333,0.25,5
506,SVP-LTR-43,A,Late Tambo Real,10,1470,1532,20.66666667,0.9,90
507,SVP-LTR-42,A,Late Tambo Real,10,1470,1532,20.66666667,2.25,110
508,SVP-GUAD-89,A,Guadalupito,6,300,750,150,3.2,320
509,SVP-LTR-30,A,Late Tambo Real,10,1470,1532,20.66666667,9,900
510,SVP-GUAD-32,A,Guadalupito,6,300,750,150,2,200
511,SVP-ETAN-231,A,Early Tanguche,7,750,900,50,1,50
512,SVP-GUAD-123,A,Guadalupito,6,300,750,150,1.8,180
514,SVP-LTR-28,A,Late Tambo Real,10,1470,1532,20.66666667,0.5,25
515,SVP-CAY-44,A,Cayhuamarca,2,-1800,-500,433.3333333,2.5,250
515,SVP-CAY-47,A,Cayhuamarca,2,-1800,-500,433.3333333,1.25,125
515,SVP-VIN-29,A,Vinzos,3,-500,-100,400,2.5,250
515,SVP-ESUCH-111,A,Early Suchimancillo,4,-100,100,200,3,45
515,SVP-LSUCH-133,A,Late Suchimancillo,5,100,500,133.3333333,1.1,15
516,SVP-CAY-45,A,Cayhuamarca,2,-1800,-500,433.3333333,0.75,75
519,SVP-ETAN-235,A,Early Tanguche,7,750,900,50,1.5,75
520,SVP-ETR-31,A,Early Tambo Real,9,1100,1470,123.3333333,3.2,320
520,SVP-LTR-45,A,Late Tambo Real,10,1470,1532,20.66666667,2.9,290
521,SVP-ETAN-91,A,Early Tanguche,7,750,900,50,2.5,250
522,SVP-ETAN-272,A,Early Tanguche,7,750,900,50,0.5,5
523,SVP-ESUCH-108,A,Early Suchimancillo,4,-100,100,66.66666667,1.6,160
523,SVP-LSUCH-131,A,Late Suchimancillo,5,100,500,133.3333333,1.6,160
524,SVP-ESUCH-95,A,Early Suchimancillo,4,-100,100,66.66666667,4.5,225
525,SVP-LTAN-55,A,Late Tanguche,8,900,1100,66.66666667,1,50
526,SVP-ETAN-236,A,Early Tanguche,7,750,900,50,0.5,50
527,SVP-ETAN-188,A,Early Tanguche,7,750,900,50,1.4,75
530,SVP-GUAD-71,A,Guadalupito,6,300,750,150,0.25,25
533,SVP-LTR-10,A,Late Tambo Real,10,1470,1532,20.66666667,2,200
534,SVP-ETAN-237,A,Early Tanguche,7,750,900,50,0.25,15
535,SVP-GUAD-128,A,Guadalupito,6,300,750,150,1.8,180
537,SVP-GUAD-72,A,Guadalupito,6,300,750,150,0.9,45
538,SVP-ETAN-107,A,Early Tanguche,7,750,900,50,3.6,55
539,SVP-GUAD-187,A,Guadalupito,6,300,750,150,0.8,80
540,SVP-LTR-26,A,Late Tambo Real,10,1470,1532,20.66666667,16.5,1650
541,SVP-CAY-43,A,Cayhuamarca,2,-1800,-500,433.3333333,0.5,25
542,SVP-ETAN-90,A,Early Tanguche,7,750,900,50,1.4,140
543,SVP-ESUCH-94,A,Early Suchimancillo,4,-100,100,66.66666667,2.25,110
543,SVP-ETAN-81,B,Early Tanguche,7,750,900,50,1.6,80
545,SVP-ETAN-238,A,Early Tanguche,7,750,900,50,1,50
546,SVP-GUAD-52,A,Guadalupito,6,300,750,150,1.8,90
547,SVP-LTAN-40,A,Late Tanguche,8,900,1100,66.66666667,14.2,3550
552,SVP-GUAD-121,A,Guadalupito,6,300,750,150,6.5,600
553,SVP-CAY-42,A,Cayhuamarca,2,-1800,-500,433.3333333,1,50
555,SVP-GUAD-25,A,Guadalupito,6,300,750,150,0.5,10
557,SVP-GUAD-178,A,Guadalupito,6,300,750,150,3.6,360
559,SVP-ETAN-150,A,Early Tanguche,7,750,900,50,1.1,110
560,SVP-ETAN-149,A,Early Tanguche,7,750,900,50,0.5,50
561,SVP-ETAN-108,A,Early Tanguche,7,750,900,50,1,15
562,SVP-GUAD-51,A,Guadalupito,6,300,750,150,0.5,50
563,SVP-LSUCH-128,A,Late Suchimancillo,5,100,500,133.3333333,1.4,20
564,SVP-LSUCH-123,A,Late Suchimancillo,5,100,500,133.3333333,4.3,65
566,SVP-LSUCH-117,A,Late Suchimancillo,5,100,500,133.3333333,1.8,180
566,SVP-GUAD-22,A,Guadalupito,6,300,750,250,3.2,50
566,SVP-ETAN-84,A,Early Tanguche,7,750,900,50,4.5,1125
567,SVP-ETAN-191,A,Early Tanguche,7,750,900,50,1,100
569,SVP-ETAN-80,A,Early Tanguche,7,750,900,50,9,135
570,SVP-GUAD-179,A,Guadalupito,6,300,750,150,2.8,280
571,SVP-GUAD-177,A,Guadalupito,6,300,750,150,1.6,160
572,SVP-ETAN-116,A,Early Tanguche,7,750,900,50,10.4,155
573,SVP-GUAD-47,A,Guadalupito,6,300,750,150,4.3,215
574,SVP-LSUCH-122,A,Late Suchimancillo,5,100,500,133.3333333,1.6,25
574,SVP-GUAD-46,A,Guadalupito,6,300,750,150,4.3,215
576,SVP-GUAD-203,A,Guadalupito,6,300,750,150,1.5,150
578,SVP-ETAN-102,A,Early Tanguche,7,750,900,50,2.5,125
579,SVP-GUAD-176,A,Guadalupito,6,300,750,150,3.2,320
580,SVP-ETAN-357,A,Early Tanguche,7,750,900,50,1.25,15
582,SVP-ESUCH-91,A,Early Suchimancillo,4,-100,100,66.66666667,4.2,460
582,SVP-LSUCH-114,A,Late Suchimancillo,5,100,500,133.3333333,5.9,590
583,SVP-LSUCH-121,A,Late Suchimancillo,5,100,500,133.3333333,2.25,35
586,SVP-CAY-41,A,Cayhuamarca,2,-1800,-500,433.3333333,1.5,75
586,SVP-ESUCH-101,B,Early Suchimancillo,4,-100,100,66.66666667,1.25,65
587,SVP-GUAD-39,A,Guadalupito,6,300,750,150,2.5,250
589,SVP-ESUCH-98,A,Early Suchimancillo,4,-100,100,66.66666667,4,100
589,SVP-LSUCH-119,A,Late Suchimancillo,5,100,500,133.3333333,3.6,180
589,SVP-LTAN-41,C,Late Tanguche,8,900,1100,66.66666667,15.1,755
589,SVP-ETR-21,C,Early Tambo Real,9,1100,1470,123.3333333,3.4,325
591,SVP-GUAD-21,A,Guadalupito,6,300,750,150,2.7,150
592,SVP-LSUCH-130,A,Late Suchimancillo,5,100,500,133.3333333,2.25,35
593,SVP-GUAD-27,A,Guadalupito,6,300,750,150,0.5,10
594,SVP-GUAD-199,A,Guadalupito,6,300,750,150,1.6,160
600,SVP-SAL-12,A,Las Salinas,1,-3000,-1800,400,1,25
602,SVP-GUAD-20,A,Guadalupito,6,300,750,150,7.2,450
603,SVP-CAY-39,A,Cayhuamarca,2,-1800,-500,433.3333333,1,15
603,SVP-VIN-27,A,Vinzos,3,-500,-100,400,1,15
603,SVP-ESUCH-99,A,Early Suchimancillo,4,-100,100,66.66666667,1,15
604,SVP-GUAD-198,A,Guadalupito,6,300,750,150,2.4,240
605,SVP-GUAD-40,A,Guadalupito,6,300,750,150,0.25,5
606,SVP-GUAD-197,A,Guadalupito,6,300,750,150,2.75,275
607,SVP-LSUCH-129,A,Late Suchimancillo,5,100,500,133.3333333,0.9,15
608,SVP-ETR-20,A,Early Tambo Real,9,1100,1470,123.3333333,1.6,160
612,SVP-ESUCH-93,A,Early Suchimancillo,4,-100,100,66.66666667,2.25,175
612,SVP-ETAN-85,B,Early Tanguche,7,750,900,50,1.6,160
613,SVP-LTAN-39,B,Late Tanguche,8,900,1100,66.66666667,1.6,80
614,SVP-ESUCH-86,A,Early Suchimancillo,4,-100,100,66.66666667,0.9,15
615,SVP-GUAD-190,A,Guadalupito,6,300,750,150,2.75,275
616,SVP-CAY-38,A,Cayhuamarca,2,-1800,-500,433.3333333,0.25,15
616,SVP-ESUCH-97,B,Early Suchimancillo,4,-100,100,66.66666667,0.25,15
617,SVP-ESUCH-88,A,Early Suchimancillo,4,-100,100,66.66666667,1.5,375
618,SVP-VIN-26,A,Vinzos,3,-500,-100,133.3333333,6.75,490
618,SVP-ESUCH-89,A,Early Suchimancillo,4,-100,100,200,6.2,450
618,SVP-LSUCH-112,A,Late Suchimancillo,5,100,500,133.3333333,7,490
619,SVP-GUAD-186,A,Guadalupito,6,300,750,150,2,200
620,SVP-GUAD-184,A,Guadalupito,6,300,750,150,1.2,120
622,SVP-GUAD-185,A,Guadalupito,6,300,750,150,1.6,100
624,SVP-LTR-7,A,Late Tambo Real,10,1470,1532,20.66666667,0.5,25
625,SVP-ETAN-70,A,Early Tanguche,7,750,900,50,0.75,15
626,SVP-ESUCH-87,A,Early Suchimancillo,4,-100,100,66.66666667,1,100
627,SVP-GUAD-181,A,Guadalupito,6,300,750,150,3.6,360
628,SVP-LSUCH-110,A,Late Suchimancillo,5,100,500,133.3333333,1.25,50
628,SVP-GUAD-13,A,Guadalupito,6,300,750,150,0.25,25
629,SVP-GUAD-180,A,Guadalupito,6,300,750,150,2,200
630,SVP-LSUCH-109,A,Late Suchimancillo,5,100,500,133.3333333,1.6,400
631,SVP-ESUCH-92,A,Early Suchimancillo,4,-100,100,66.66666667,3.4,85
631,SVP-LSUCH-115,A,Late Suchimancillo,5,100,500,133.3333333,5.7,50
632,SVP-ETAN-69,A,Early Tanguche,7,750,900,50,0.5,50
633,SVP-CAY-37,A,Cayhuamarca,2,-1800,-500,433.3333333,0.25,5
634,SVP-ETAN-68,A,Early Tanguche,7,750,900,50,1,15
635,SVP-CAY-36,A,Cayhuamarca,2,-1800,-500,433.3333333,1.5,150
636,SVP-ETAN-405,A,Early Tanguche,7,750,900,50,0.5,25
637,SVP-ETAN-67,A,Early Tanguche,7,750,900,50,0.25,5
638,SVP-ETAN-66,A,Early Tanguche,7,750,900,50,0.25,5
639,SVP-ESUCH-85,A,Early Suchimancillo,4,-100,100,66.66666667,0.25,5
640,SVP-ETAN-65,A,Early Tanguche,7,750,900,50,1,15
641,SVP-ETAN-74,A,Early Tanguche,7,750,900,50,1.4,140
642,SVP-ETAN-356,A,Early Tanguche,7,750,900,50,1,20
643,SVP-SAL-11,A,Las Salinas,1,-3000,-1800,400,2,60
644,SVP-LSUCH-108,A,Late Suchimancillo,5,100,500,133.3333333,6.75,675
644,SVP-GUAD-12,A,Guadalupito,6,300,750,150,5,500
645,SVP-ETAN-355,A,Early Tanguche,7,750,900,50,0.8,10
648,SVP-CAY-40,A,Cayhuamarca,2,-1800,-500,433.3333333,1,100
648,SVP-VIN-28,A,Vinzos,3,-500,-100,400,1,100
648,SVP-ESUCH-100,A,Early Suchimancillo,4,-100,100,200,1,100
648,SVP-LSUCH-120,A,Late Suchimancillo,5,100,500,133.3333333,1.4,20
649,SVP-ETAN-354,A,Early Tanguche,7,750,900,50,1.5,30
650,SVP-CAY-35,A,Cayhuamarca,2,-1800,-500,433.3333333,6.25,625
651,SVP-ETAN-64,A,Early Tanguche,7,750,900,50,2.7,40
652,SVP-ETAN-71,A,Early Tanguche,7,750,900,50,2.7,135
654,SVP-ETAN-353,A,Early Tanguche,7,750,900,50,1.4,30
656,SVP-ETAN-352,A,Early Tanguche,7,750,900,50,1.1,55
657,SVP-ETAN-60,A,Early Tanguche,7,750,900,50,0.5,50
658,SVP-SAL-10,A,Las Salinas,1,-3000,-1800,400,3.5,105
660,SVP-LSUCH-104,A,Late Suchimancillo,5,100,500,133.3333333,0.5,15
662,SVP-ETAN-59,A,Early Tanguche,7,750,900,50,1.1,110
662,SVP-LTAN-35,A,Late Tanguche,8,900,1100,66.66666667,0.7,70
663,SVP-CAY-34,A,Cayhuamarca,2,-1800,-500,433.3333333,0.55,55
663,SVP-LSUCH-106,B,Late Suchimancillo,5,100,500,133.3333333,0.9,90
664,SVP-LTAN-37,A,Late Tanguche,8,900,1100,66.66666667,0.25,25
665,SVP-LTAN-34,A,Late Tanguche,8,900,1100,66.66666667,0.7,70
665,SVP-ETR-18,A,Early Tambo Real,9,1100,1470,123.3333333,0.7,70
666,SVP-LSUCH-105,A,Late Suchimancillo,5,100,500,133.3333333,1,15
668,SVP-ETAN-61,A,Early Tanguche,7,750,900,50,1.8,25
668,SVP-LTAN-36,A,Late Tanguche,8,900,1100,66.66666667,1.8,25
673,SVP-ESUCH-84,A,Early Suchimancillo,4,-100,100,66.66666667,3,525
673,SVP-LSUCH-103,A,Late Suchimancillo,5,100,500,133.3333333,12.4,3100
675,SVP-ETAN-63,A,Early Tanguche,7,750,900,50,2,200
675,SVP-LTAN-28,A,Late Tanguche,8,900,1100,66.66666667,2,200
677,SVP-ETAN-439,A,Early Tanguche,7,750,900,50,1,50
678,SVP-ETAN-440,A,Early Tanguche,7,750,900,50,0.75,40
679,SVP-ETAN-345,A,Early Tanguche,7,750,900,50,1.7,85
680,SVP-LTR-5,A,Late Tambo Real,10,1470,1532,20.66666667,2.25,225
681,SVP-ETAN-340,A,Early Tanguche,7,750,900,50,0.25,5
682,SVP-LTAN-27,A,Late Tanguche,8,900,1100,66.66666667,2,200
683,SVP-ETAN-438,A,Early Tanguche,7,750,900,50,0.25,10
685,SVP-ETAN-344,A,Early Tanguche,7,750,900,50,0.5,10
687,SVP-VIN-25,A,Vinzos,3,-500,-100,133.3333333,0.5,50
688,SVP-ETAN-339,A,Early Tanguche,7,750,900,50,0.75,40
690,SVP-ETAN-337,A,Early Tanguche,7,750,900,50,0.25,5
691,SVP-ETAN-342,A,Early Tanguche,7,750,900,50,0.25,5
692,SVP-ETAN-351,A,Early Tanguche,7,750,900,50,1.5,35
693,SVP-ETAN-427,A,Early Tanguche,7,750,900,50,1.5,75
694,SVP-ETAN-432,A,Early Tanguche,7,750,900,50,0.1,5
695,SVP-ETAN-433,A,Early Tanguche,7,750,900,50,0.5,10
697,SVP-ETAN-425,A,Early Tanguche,7,750,900,50,0.5,25
698,SVP-ETAN-426,A,Early Tanguche,7,750,900,50,0.75,40
699,SVP-ETAN-428,A,Early Tanguche,7,750,900,50,1.5,20
700,SVP-ETAN-430,A,Early Tanguche,7,750,900,50,0.5,5
701,SVP-VIN-24,A,Vinzos,3,-500,-100,133.3333333,1.35,340
703,SVP-VIN-38,A,Vinzos,3,-500,-100,133.3333333,1.5,75
704,SVP-ETAN-434,A,Early Tanguche,7,750,900,50,1.5,75
706,SVP-ETAN-424,A,Early Tanguche,7,750,900,50,0.5,25
707,SVP-ETAN-429,A,Early Tanguche,7,750,900,50,0.5,25
708,SVP-ETAN-431,A,Early Tanguche,7,750,900,50,0.25,5
709,SVP-ETAN-343,A,Early Tanguche,7,750,900,50,0.5,10
710,SVP-ETAN-349,A,Early Tanguche,7,750,900,50,1.5,20
711,SVP-ETAN-350,A,Early Tanguche,7,750,900,50,0.3,10
712,SVP-ETAN-423,A,Early Tanguche,7,750,900,50,0.1,5
713,SVP-LSUCH-100,A,Late Suchimancillo,5,100,500,133.3333333,0.9,15
714,SVP-ETAN-341,A,Early Tanguche,7,750,900,50,0.25,5
715,SVP-ETAN-436,A,Early Tanguche,7,750,900,50,0.5,25
718,SVP-ETAN-422,A,Early Tanguche,7,750,900,50,0.25,10
719,SVP-ETAN-56,A,Early Tanguche,7,750,900,50,2.7,270
719,SVP-ETR-14,B,Early Tambo Real,9,1100,1470,123.3333333,1.4,70
720,SVP-ETAN-338,A,Early Tanguche,7,750,900,50,0.5,10
721,SVP-ETAN-348,A,Early Tanguche,7,750,900,50,0.25,5
722,SVP-ESUCH-79,A,Early Suchimancillo,4,-100,100,66.66666667,0.5,50
724,SVP-ETAN-347,A,Early Tanguche,7,750,900,50,0.25,10
725,SVP-ETAN-437,A,Early Tanguche,7,750,900,50,0.5,25
726,SVP-ETAN-346,A,Early Tanguche,7,750,900,50,0.3,5
727,SVP-LSUCH-98,A,Late Suchimancillo,5,100,500,133.3333333,0.75,35
728,SVP-ESUCH-78,A,Early Suchimancillo,4,-100,100,66.66666667,0.25,10
729,SVP-ETAN-55,A,Early Tanguche,7,750,900,50,2.5,250
729,SVP-LTAN-26,A,Late Tanguche,8,900,1100,66.66666667,2.5,625
737,SVP-ETAN-421,A,Early Tanguche,7,750,900,50,0.2,10
738,SVP-ETAN-50,A,Early Tanguche,7,750,900,50,0.25,5
739,SVP-ESUCH-70,A,Early Suchimancillo,4,-100,100,66.66666667,2.25,110
739,SVP-LSUCH-94,A,Late Suchimancillo,5,100,500,133.3333333,1.8,90
740,SVP-ETAN-54,A,Early Tanguche,7,750,900,50,5.6,560
741,SVP-VIN-39,A,Vinzos,3,-500,-100,133.3333333,0.75,40
742,SVP-ESUCH-65,A,Early Suchimancillo,4,-100,100,66.66666667,1.4,70
742,SVP-LSUCH-93,A,Late Suchimancillo,5,100,500,133.3333333,0.75,40
745,SVP-SAL-8,A,Las Salinas,1,-3000,-1800,400,1,30
746,SVP-SAL-9,A,Las Salinas,1,-3000,-1800,400,1,30
749,SVP-LSUCH-90,A,Late Suchimancillo,5,100,500,133.3333333,0.25,10
750,SVP-ESUCH-71,A,Early Suchimancillo,4,-100,100,66.66666667,1.8,25
750,SVP-LSUCH-95,A,Late Suchimancillo,5,100,500,133.3333333,1.4,20
751,SVP-LSUCH-92,A,Late Suchimancillo,5,100,500,133.3333333,0.75,40
752,SVP-LSUCH-88,A,Late Suchimancillo,5,100,500,133.3333333,3.2,50
754,SVP-GUAD-8,A,Guadalupito,6,300,750,150,0.5,25
755,SVP-ESUCH-66,A,Early Suchimancillo,4,-100,100,66.66666667,0.5,10
756,SVP-VIN-40,A,Vinzos,3,-500,-100,133.3333333,5.5,275
758,SVP-LTAN-23,A,Late Tanguche,8,900,1100,66.66666667,0.7,70
759,SVP-ETAN-45,A,Early Tanguche,7,750,900,50,1.1,110
760,SVP-ETAN-420,A,Early Tanguche,7,750,900,50,0.75,40
761,SVP-ESUCH-64,A,Early Suchimancillo,4,-100,100,66.66666667,1,100
762,SVP-VIN-41,A,Vinzos,3,-500,-100,133.3333333,1,50
763,SVP-CAY-33,A,Cayhuamarca,2,-1800,-500,433.3333333,2,100
763,SVP-ESUCH-63,B,Early Suchimancillo,4,-100,100,66.66666667,1.6,160
763,SVP-LSUCH-87,B,Late Suchimancillo,5,100,500,133.3333333,1.6,160
764,SVP-ETAN-44,A,Early Tanguche,7,750,900,50,7.2,720
764,SVP-LTAN-22,A,Late Tanguche,8,900,1100,200,6.75,675
764,SVP-ETR-12,A,Early Tambo Real,9,1100,1470,123.3333333,7.2,360
765,SVP-ETAN-419,A,Early Tanguche,7,750,900,50,0.75,40
768,SVP-ESUCH-60,A,Early Suchimancillo,4,-100,100,66.66666667,0.25,25
769,SVP-ETAN-418,A,Early Tanguche,7,750,900,50,1.25,60
771,SVP-ETAN-411,A,Early Tanguche,7,750,900,50,0.25,5
772,SVP-VIN-42,A,Vinzos,3,-500,-100,133.3333333,0.5,25
773,SVP-ESUCH-62,A,Early Suchimancillo,4,-100,100,66.66666667,2,200
773,SVP-LSUCH-86,A,Late Suchimancillo,5,100,500,133.3333333,1.4,140
774,SVP-LTR-4,A,Late Tambo Real,10,1470,1532,20.66666667,0.5,5
776,SVP-VIN-43,A,Vinzos,3,-500,-100,133.3333333,0.5,25
778,SVP-ESUCH-59,A,Early Suchimancillo,4,-100,100,66.66666667,0.5,50
779,SVP-ETAN-43,A,Early Tanguche,7,750,900,50,3,300
779,SVP-LTAN-21,A,Late Tanguche,8,900,1100,66.66666667,2.25,225
780,SVP-LTAN-18,A,Late Tanguche,8,900,1100,66.66666667,1,100
781,SVP-ETAN-410,A,Early Tanguche,7,750,900,50,0.25,10
782,SVP-ETAN-417,A,Early Tanguche,7,750,900,50,0.25,10
783,SVP-ETAN-29,A,Early Tanguche,7,750,900,50,1,15
785,SVP-ESUCH-58,A,Early Suchimancillo,4,-100,100,66.66666667,0.5,50
786,SVP-VIN-44,A,Vinzos,3,-500,-100,133.3333333,0.5,25
787,SVP-ETAN-416,A,Early Tanguche,7,750,900,50,0.25,10
788,SVP-ESUCH-56,A,Early Suchimancillo,4,-100,100,66.66666667,2.7,270
788,SVP-ETAN-42,B,Early Tanguche,7,750,900,50,5.2,520
788,SVP-LTAN-20,B,Late Tanguche,8,900,1100,66.66666667,1.5,150
793,SVP-ETAN-415,A,Early Tanguche,7,750,900,50,0.5,25
796,SVP-ETAN-37,A,Early Tanguche,7,750,900,50,6.3,630
797,SVP-ETAN-414,A,Early Tanguche,7,750,900,50,0.25,10
798,SVP-ETAN-409,A,Early Tanguche,7,750,900,50,0.1,
800,SVP-LTR-3,A,Late Tambo Real,10,1470,1532,20.66666667,0.9,90
801,SVP-VIN-45,A,Vinzos,3,-500,-100,133.3333333,0.5,25
803,SVP-LSUCH-84,A,Late Suchimancillo,5,100,500,133.3333333,1,50
804,SVP-ETAN-28,A,Early Tanguche,7,750,900,50,1,15
805,SVP-ESUCH-53,A,Early Suchimancillo,4,-100,100,66.66666667,1.35,20
805,SVP-GUAD-3,B,Guadalupito,6,300,750,150,5.9,295
805,SVP-ETAN-26,B,Early Tanguche,7,750,900,150,52.4,785
805,SVP-LTAN-16,B,Late Tanguche,8,900,1100,66.66666667,10.6,160
809,SVP-ESUCH-55,A,Early Suchimancillo,4,-100,100,66.66666667,1,100
809,SVP-ETAN-33,B,Early Tanguche,7,750,900,50,11.5,1150
809,SVP-ETR-10,C,Early Tambo Real,9,1100,1470,123.3333333,1.5,75
810,SVP-LTR-78,A,Late Tambo Real,10,1470,1532,20.66666667,0.9,45
811,SVP-CAY-32,A,Cayhuamarca,2,-1800,-500,433.3333333,0.8,200
811,SVP-ESUCH-54,B,Early Suchimancillo,4,-100,100,66.66666667,0.8,200
811,SVP-LSUCH-83,B,Late Suchimancillo,5,100,500,133.3333333,0.8,200
813,SVP-ETAN-413,A,Early Tanguche,7,750,900,50,0.25,10
814,SVP-ETAN-17,A,Early Tanguche,7,750,900,50,4.5,450
814,SVP-ETR-9,B,Early Tambo Real,9,1100,1470,123.3333333,1.4,70
817,SVP-ETAN-412,A,Early Tanguche,7,750,900,50,0.1,5
818,SVP-ETAN-408,A,Early Tanguche,7,750,900,50,0.25,10
822,SVP-LTAN-15,A,Late Tanguche,8,900,1100,66.66666667,15,1500
822,SVP-ETR-8,A,Early Tambo Real,9,1100,1470,123.3333333,12.8,1280
823,SVP-CAY-31,A,Cayhuamarca,2,-1800,-500,433.3333333,0.4,100
823,SVP-VIN-23,A,Vinzos,3,-500,-100,133.3333333,0.25,25
824,SVP-LSUCH-82,A,Late Suchimancillo,5,100,500,133.3333333,3.6,150
825,SVP-ETAN-24,A,Early Tanguche,7,750,900,50,1,100
827,SVP-CAY-30,A,Cayhuamarca,2,-1800,-500,433.3333333,2,200
827,SVP-ESUCH-52,B,Early Suchimancillo,4,-100,100,66.66666667,1.8,90
827,SVP-ETAN-25,C,Early Tanguche,7,750,900,50,0.3,15
829,SVP-ETAN-407,A,Early Tanguche,7,750,900,50,0.25,10
832,SVP-ETAN-22,A,Early Tanguche,7,750,900,50,5.2,260
832,SVP-ETR-7,B,Early Tambo Real,9,1100,1470,123.3333333,2,100
833,SVP-ESUCH-47,A,Early Suchimancillo,4,-100,100,66.66666667,1.25,60
833,SVP-LSUCH-79,A,Late Suchimancillo,5,100,500,133.3333333,1.6,25
835,SVP-CAY-29,A,Cayhuamarca,2,-1800,-500,433.3333333,6.75,50
836,SVP-ETAN-21,A,Early Tanguche,7,750,900,50,4,400
836,SVP-LTAN-14,A,Late Tanguche,8,900,1100,66.66666667,4,200
837,SVP-LSUCH-77,B,Late Suchimancillo,5,100,500,133.3333333,3.2,160
840,SVP-LTR-1,A,Late Tambo Real,10,1470,1532,20.66666667,1.4,140
842,SVP-LSUCH-72,A,Late Suchimancillo,5,100,500,133.3333333,20,2375
843,SVP-CAY-28,A,Cayhuamarca,2,-1800,-500,433.3333333,1,50
843,SVP-VIN-22,A,Vinzos,3,-500,-100,133.3333333,1,50
848,SVP-ETAN-18,A,Early Tanguche,7,750,900,50,2.25,225
849,SVP-LSUCH-76,A,Late Suchimancillo,5,100,500,133.3333333,2.7,270
851,SVP-LSUCH-70,A,Late Suchimancillo,5,100,500,133.3333333,3.2,320
851,SVP-ETAN-11,B,Early Tanguche,7,750,900,50,2,100
854,SVP-ETAN-406,A,Early Tanguche,7,750,900,50,0.25,5
855,SVP-ESUCH-37,A,Early Suchimancillo,4,-100,100,66.66666667,3,150
855,SVP-LSUCH-62,A,Late Suchimancillo,5,100,500,133.3333333,4,200
856,SVP-SAL-7,A,Las Salinas,1,-3000,-1800,400,0.5,15
858,SVP-CAY-26,A,Cayhuamarca,2,-1800,-500,433.3333333,3,150
858,SVP-ESUCH-46,B,Early Suchimancillo,4,-100,100,66.66666667,3,150
858,SVP-LSUCH-74,B,Late Suchimancillo,5,100,500,133.3333333,2.7,135
859,SVP-ESUCH-44,A,Early Suchimancillo,4,-100,100,66.66666667,2.5,40
859,SVP-LSUCH-69,A,Late Suchimancillo,5,100,500,133.3333333,2.5,40
861,SVP-ESUCH-45,A,Early Suchimancillo,4,-100,100,66.66666667,4,45
861,SVP-LSUCH-68,A,Late Suchimancillo,5,100,500,133.3333333,3,30
862,SVP-ESUCH-36,A,Early Suchimancillo,4,-100,100,66.66666667,1.4,140
862,SVP-LSUCH-58,A,Late Suchimancillo,5,100,500,133.3333333,4.75,200
864,SVP-LSUCH-56,A,Late Suchimancillo,5,100,500,133.3333333,3.4,340
864,SVP-ETAN-10,B,Early Tanguche,7,750,900,50,3,300
865,SVP-VIN-21,A,Vinzos,3,-500,-100,133.3333333,2,200
867,SVP-ESUCH-35,A,Early Suchimancillo,4,-100,100,66.66666667,2.5,125
867,SVP-LSUCH-55,A,Late Suchimancillo,5,100,500,133.3333333,2.25,225
868,SVP-CAY-25,A,Cayhuamarca,2,-1800,-500,433.3333333,3,150
868,SVP-VIN-20,A,Vinzos,3,-500,-100,400,1,100
868,SVP-ESUCH-43,A,Early Suchimancillo,4,-100,100,200,3,300
868,SVP-LSUCH-67,A,Late Suchimancillo,5,100,500,133.3333333,3,
870,SVP-ESUCH-39,A,Early Suchimancillo,4,-100,100,66.66666667,0.25,10
870,SVP-LSUCH-64,A,Late Suchimancillo,5,100,500,133.3333333,0.25,10
871,SVP-ESUCH-34,A,Early Suchimancillo,4,-100,100,66.66666667,5.6,85
871,SVP-LSUCH-54,A,Late Suchimancillo,5,100,500,133.3333333,5,250
873,SVP-CAY-23,A,Cayhuamarca,2,-1800,-500,433.3333333,2.5,125
873,SVP-VIN-18,A,Vinzos,3,-500,-100,400,1,100
873,SVP-ESUCH-41,A,Early Suchimancillo,4,-100,100,200,1.5,150
873,SVP-LSUCH-66,A,Late Suchimancillo,5,100,500,133.3333333,2.7,
874,SVP-VIN-19,A,Vinzos,3,-500,-100,133.3333333,1,100
874,SVP-ESUCH-38,A,Early Suchimancillo,4,-100,100,200,3,300
874,SVP-LSUCH-63,A,Late Suchimancillo,5,100,500,133.3333333,5,500
875,SVP-SAL-6,A,Las Salinas,1,-3000,-1800,400,1.5,45
878,SVP-LSUCH-53,A,Late Suchimancillo,5,100,500,133.3333333,3.2,50
879,SVP-LSUCH-52,A,Late Suchimancillo,5,100,500,133.3333333,2,100
879,SVP-GUAD-1,A,Guadalupito,6,300,750,150,2,100
879,SVP-LTAN-4,B,Late Tanguche,8,900,1100,66.66666667,1.4,20
880,SVP-ETAN-7,B,Early Tanguche,7,750,900,50,2.7,140
880,SVP-ETR-2,C,Early Tambo Real,9,1100,1470,123.3333333,4,200
881,SVP-VIN-13,A,Vinzos,3,-500,-100,133.3333333,1,50
881,SVP-ESUCH-32,A,Early Suchimancillo,4,-100,100,66.66666667,2.7,40
882,SVP-CAY-18,A,Cayhuamarca,2,-1800,-500,433.3333333,0.5,
883,SVP-CAY-21,A,Cayhuamarca,2,-1800,-500,433.3333333,0.5,50
883,SVP-ESUCH-29,B,Early Suchimancillo,4,-100,100,66.66666667,0.25,10
884,SVP-CAY-19,A,Cayhuamarca,2,-1800,-500,433.3333333,3,150
884,SVP-VIN-17,A,Vinzos,3,-500,-100,133.3333333,2,30
885,SVP-CAY-20,A,Cayhuamarca,2,-1800,-500,433.3333333,3.75,250
886,SVP-ESUCH-28,A,Early Suchimancillo,4,-100,100,66.66666667,2.5,250
886,SVP-LSUCH-51,A,Late Suchimancillo,5,100,500,133.3333333,12.5,1875
886,SVP-ETAN-4,B,Early Tanguche,7,750,900,50,6.75,675
887,SVP-LSUCH-48,A,Late Suchimancillo,5,100,500,133.3333333,14,210
888,SVP-VIN-14,A,Vinzos,3,-500,-100,133.3333333,1,100
889,SVP-CAY-16,A,Cayhuamarca,2,-1800,-500,433.3333333,1,50
889,SVP-ESUCH-27,B,Early Suchimancillo,4,-100,100,66.66666667,3.4,340
890,SVP-SAL-5,A,Las Salinas,1,-3000,-1800,400,1.25,35
891,SVP-CAY-15,A,Cayhuamarca,2,-1800,-500,433.3333333,1.5,150
891,SVP-VIN-15,A,Vinzos,3,-500,-100,400,1.5,150
891,SVP-ESUCH-26,A,Early Suchimancillo,4,-100,100,200,1,100
891,SVP-LSUCH-50,A,Late Suchimancillo,5,100,500,133.3333333,1.5,150
892,SVP-ESUCH-22,A,Early Suchimancillo,4,-100,100,66.66666667,3,300
892,SVP-LSUCH-47,A,Late Suchimancillo,5,100,500,133.3333333,3,300
894,SVP-CAY-17,A,Cayhuamarca,2,-1800,-500,433.3333333,2.25,110
894,SVP-VIN-16,A,Vinzos,3,-500,-100,133.3333333,1,50
896,SVP-ESUCH-25,A,Early Suchimancillo,4,-100,100,66.66666667,0.25,10
899,SVP-ESUCH-23,A,Early Suchimancillo,4,-100,100,66.66666667,2,200
899,SVP-LSUCH-49,A,Late Suchimancillo,5,100,500,133.3333333,2.25,225
902,SVP-ETR-1,A,Early Tambo Real,9,1100,1470,123.3333333,1,50
903,SVP-CAY-13,A,Cayhuamarca,2,-1800,-500,433.3333333,2.5,125
903,SVP-ESUCH-17,B,Early Suchimancillo,4,-100,100,66.66666667,8,200
904,SVP-ESUCH-19,A,Early Suchimancillo,4,-100,100,66.66666667,62,3100
904,SVP-LSUCH-45,A,Late Suchimancillo,5,100,500,133.3333333,41.5,2075
905,SVP-ESUCH-21,A,Early Suchimancillo,4,-100,100,66.66666667,1.5,25
906,SVP-CAY-14,A,Cayhuamarca,2,-1800,-500,433.3333333,1.5,20
909,SVP-ESUCH-15,A,Early Suchimancillo,4,-100,100,66.66666667,14,1400
909,SVP-LSUCH-39,A,Late Suchimancillo,5,100,500,133.3333333,14,1400
910,SVP-LSUCH-37,A,Late Suchimancillo,5,100,500,133.3333333,1,100
911,SVP-LSUCH-36,A,Late Suchimancillo,5,100,500,133.3333333,2,30
912,SVP-CAY-10,A,Cayhuamarca,2,-1800,-500,433.3333333,0.5,50
913,SVP-LSUCH-38,A,Late Suchimancillo,5,100,500,133.3333333,2,200
914,SVP-LSUCH-35,A,Late Suchimancillo,5,100,500,133.3333333,2,30
915,SVP-LTAN-3,A,Late Tanguche,8,900,1100,66.66666667,2.6,130
916,SVP-LSUCH-34,A,Late Suchimancillo,5,100,500,133.3333333,0.25,10
917,SVP-LSUCH-33,A,Late Suchimancillo,5,100,500,133.3333333,0.5,25
918,SVP-CAY-12,A,Cayhuamarca,2,-1800,-500,433.3333333,3.75,375
918,SVP-VIN-11,A,Vinzos,3,-500,-100,400,1.5,150
918,SVP-ESUCH-14,A,Early Suchimancillo,4,-100,100,66.66666667,0.25,25
919,SVP-CAY-11,A,Cayhuamarca,2,-1800,-500,433.3333333,2.5,250
919,SVP-VIN-10,A,Vinzos,3,-500,-100,133.3333333,2.5,250
920,SVP-CAY-9,A,Cayhuamarca,2,-1800,-500,433.3333333,1,100
920,SVP-VIN-9,A,Vinzos,3,-500,-100,400,2.5,250
920,SVP-ESUCH-11,A,Early Suchimancillo,4,-100,100,66.66666667,1,100
920,SVP-ESUCH-12,A,Early Suchimancillo,4,-100,100,66.66666667,1,100
921,SVP-SAL-4,A,Las Salinas,1,-3000,-1800,400,0.25,15
921,SVP-ESUCH-13,B,Early Suchimancillo,4,-100,100,66.66666667,3,45
922,SVP-CAY-8,A,Cayhuamarca,2,-1800,-500,433.3333333,1.5,25
923,SVP-LSUCH-29,A,Late Suchimancillo,5,100,500,133.3333333,0.1,5
924,SVP-ESUCH-10,A,Early Suchimancillo,4,-100,100,66.66666667,22.75,1140
924,SVP-LSUCH-31,A,Late Suchimancillo,5,100,500,133.3333333,23.4,1170
925,SVP-LSUCH-30,A,Late Suchimancillo,5,100,500,133.3333333,0.85,85
926,SVP-ESUCH-9,A,Early Suchimancillo,4,-100,100,66.66666667,2.5,125
926,SVP-LSUCH-28,A,Late Suchimancillo,5,100,500,133.3333333,2.5,125
926,SVP-ETAN-3,B,Early Tanguche,7,750,900,50,1,50
927,SVP-ESUCH-8,A,Early Suchimancillo,4,-100,100,66.66666667,0.9,45
927,SVP-LSUCH-27,A,Late Suchimancillo,5,100,500,133.3333333,1.5,75
927,SVP-ETAN-2,B,Early Tanguche,7,750,900,50,1.25,65
928,SVP-ESUCH-7,A,Early Suchimancillo,4,-100,100,66.66666667,1,50
928,SVP-ETAN-1,B,Early Tanguche,7,750,900,50,0.3,75
929,SVP-CAY-7,A,Cayhuamarca,2,-1800,-500,433.3333333,3,150
929,SVP-VIN-8,A,Vinzos,3,-500,-100,400,3,150
929,SVP-ESUCH-5,A,Early Suchimancillo,4,-100,100,66.66666667,3,150
930,SVP-CAY-6,A,Cayhuamarca,2,-1800,-500,433.3333333,0.5,25
930,SVP-VIN-7,A,Vinzos,3,-500,-100,400,0.25,25
930,SVP-ESUCH-6,A,Early Suchimancillo,4,-100,100,200,2.25,225
930,SVP-LSUCH-26,A,Late Suchimancillo,5,100,500,133.3333333,1.7,85
931,SVP-LSUCH-25,A,Late Suchimancillo,5,100,500,133.3333333,17,1700
932,SVP-LSUCH-24,A,Late Suchimancillo,5,100,500,133.3333333,1.7,170
933,SVP-LSUCH-23,A,Late Suchimancillo,5,100,500,133.3333333,3.5,350
934,SVP-LSUCH-22,A,Late Suchimancillo,5,100,500,133.3333333,2,200
935,SVP-LTAN-2,A,Late Tanguche,8,900,1100,66.66666667,1.75,90
936,SVP-LSUCH-21,A,Late Suchimancillo,5,100,500,133.3333333,3.2,320
938,SVP-LSUCH-19,A,Late Suchimancillo,5,100,500,133.3333333,0.5,50
939,SVP-LSUCH-17,A,Late Suchimancillo,5,100,500,133.3333333,3,300
940,SVP-LSUCH-18,A,Late Suchimancillo,5,100,500,133.3333333,0.5,50
941,SVP-LSUCH-16,A,Late Suchimancillo,5,100,500,133.3333333,1.7,170
942,SVP-LSUCH-15,A,Late Suchimancillo,5,100,500,133.3333333,2,200
943,SVP-LTAN-1,A,Late Tanguche,8,900,1100,66.66666667,1.2,60
944,SVP-ESUCH-4,A,Early Suchimancillo,4,-100,100,66.66666667,0.5,25
944,SVP-LSUCH-14,A,Late Suchimancillo,5,100,500,133.3333333,0.5,50
945,SVP-VIN-6,A,Vinzos,3,-500,-100,133.3333333,2.6,260
945,SVP-ESUCH-3,A,Early Suchimancillo,4,-100,100,66.66666667,1.7,170
946,SVP-LSUCH-11,A,Late Suchimancillo,5,100,500,133.3333333,7.5,750
947,SVP-VIN-5,A,Vinzos,3,-500,-100,133.3333333,2.9,290
948,SVP-ESUCH-2,A,Early Suchimancillo,4,-100,100,66.66666667,1,100
948,SVP-LSUCH-12,A,Late Suchimancillo,5,100,500,133.3333333,1.4,140
950,SVP-CAY-5,A,Cayhuamarca,2,-1800,-500,433.3333333,2,50
951,SVP-CAY-4,A,Cayhuamarca,2,-1800,-500,433.3333333,2.5,115
951,SVP-VIN-4,A,Vinzos,3,-500,-100,133.3333333,0.25,5
952,SVP-CAY-3,A,Cayhuamarca,2,-1800,-500,433.3333333,4.3,200
952,SVP-VIN-3,A,Vinzos,3,-500,-100,133.3333333,1,50
953,SVP-CAY-1,A,Cayhuamarca,2,-1800,-500,433.3333333,6.5,500
953,SVP-VIN-1,A,Vinzos,3,-500,-100,400,6.5,500
953,SVP-ESUCH-1,A,Early Suchimancillo,4,-100,100,200,12.1,775
953,SVP-LSUCH-9,A,Late Suchimancillo,5,100,500,133.3333333,7.2,400
954,SVP-VIN-2,A,Vinzos,3,-500,-100,133.3333333,1.5,75
955,SVP-CAY-2,A,Cayhuamarca,2,-1800,-500,433.3333333,0.85,85
956,SVP-SAL-3,A,Las Salinas,1,-3000,-1800,400,0.25,15
957,SVP-LSUCH-8,A,Late Suchimancillo,5,100,500,133.3333333,0.25,10
958,SVP-LSUCH-7,A,Late Suchimancillo,5,100,500,133.3333333,0.25,10
959,SVP-SAL-2,A,Las Salinas,1,-3000,-1800,400,0.25,15
960,SVP-SAL-1,A,Las Salinas,1,-3000,-1800,400,1,30
961,SVP-LSUCH-6,A,Late Suchimancillo,5,100,500,133.3333333,0.25,10
962,SVP-LSUCH-5,A,Late Suchimancillo,5,100,500,133.3333333,0.2,20
963,SVP-LSUCH-3,A,Late Suchimancillo,5,100,500,133.3333333,1.75,175
964,SVP-LSUCH-2,A,Late Suchimancillo,5,100,500,133.3333333,0.25,25
965,SVP-LSUCH-4,A,Late Suchimancillo,5,100,500,133.3333333,1,50
966,SVP-LSUCH-1,A,Late Suchimancillo,5,100,500,133.3333333,2,100
