Site Occupation Location,Toponym,SubOc1,Period,Period No.,Period Start,Period End,Estimated Span,Mound Count
1BA1,BEAR POINT,A,Bear Point,,1550,1700,60,1
1BA18,BEAR POINT,A,Pensacola,,1200,1700,200,1
1BA18,BEAR POINT,A,Bear Point,,1550,1700,60,1
1BA2,BOTTLE CREEK,A,Andrews Place,,1100,1250,60,18
1BA2,BOTTLE CREEK,A,Bottle Creek,,1250,1550,,18
1BA2,BOTTLE CREEK,A,Bottle Creek I,,1250,1400,150,18
1BA2,BOTTLE CREEK,A,Bottle Creek II,,1400,1550,60,18
1BA2,BOTTLE CREEK,A,Bear Point,,1550,1700,60,18
1BA212,LIVE OAK LANDING PARK,A,Bottle Creek,,1250,1550,120,2
1BA365,CROSSROADS MOUNDS,A,Bottle Creek,,1250,1550,120,6
1BA381,Cut Off Mound,A,Late Mississippian,,1400,1600,80,1
1BA382,UNNAMED,A,Pensacola,,1200,1700,200,1
1BA462,Pine Log Creek,A,Gin House Complex,,1550,1700,60,6
1BA55,UNNAMED,A,Late Mississippian,,1400,1600,80,2
1BB64,UNNAMED,A,Moundville I,,1050,1250,80,1
1BB64,UNNAMED,A,Moundville II,,1250,1400,150,1
1BB64,UNNAMED,A,Moundville III,,1400,1520,48,1
1BR14,Lampey Mound,A,Bull Creek,,1450,1550,40,1
1BR15,Shorter,A,Bull Creek,,1450,1550,40,1
1BR8,UNNAMED,A,Bull Creek,,1450,1550,40,2
1CA196,Davis Farm/Oxford Mound,A,Etowah,,1000,1150,60,1
1CA196,Davis Farm/Oxford Mound,B,Barnett,,1450,1550,40,1
1CA421,Blue Hole West,A,Cane Creek,,900,1000,40,1
1CE200,Coker Ford,A,Coker,,900,1000,40,2
1CK20,Peavey's Landing,A,Bottle Creek,,1250,1550,120,2
1CK216,Hooks Plantation,A,Bear Point,,1550,1700,60,1
1CK217,Douglas/Burnt Cypress,A,Bear Point,,1550,1700,60,3
1CK32,Old Levee,A,Bear Point,,1550,1700,60,1
1CO3,JACK HOLLEY,A,Bull Creek,,1450,1550,40,1
1CV32,MITCHELL,A,Pensacola,,1200,1700,200,2
1DS172,Cedar Creek/R. Buster,A,Cedar Creek,,1050,1300,100,1
1DS172,Cedar Creek/R. Buster,B,Alabama River,,1550,1700,60,1
1DS32,Old Cahaba,A,Furman,,1450,1600,60,1
1EE1,Taskigi,A,Alabama River,,1550,1700,60,1
1EE32,Tukabatchee,A,Shine II,,1400,1550,60,2
1EE32,Tukabatchee,B,Atasi,,1600,1715,46,2
1EE82,Jackson Lake,A,Shine II,,1400,1550,60,1
1EE84,KOASATI/Rives,A,Shine II,,1400,1550,60,1
1GR14,STEPHENS BLUFF,A,Moundville I,,1050,1250,80,1
1GR14,STEPHENS BLUFF,A,Early Moundville II,,1250,1325,75,1
1GR14,STEPHENS BLUFF,B,Late Moundville III,,1450,1520,70,1
1GR14,STEPHENS BLUFF,B,Moundville IV,,1520,1650,52,1
1HA1,Cook,A,Moundville II,,1250,1400,60,1
1HA14,TAYLOR/Touson's Lake,A,Late Moundville II,,1325,1400,75,1
1HA14,TAYLOR/Touson's Lake,A,Moundville III,,1400,1520,48,1
1HA7,WHITE,A,Moundville III,,1400,1520,48,1
1HE102,Purcells Landing,A,Rood,,1100,1400,120,2
1HE102,Purcells Landing,B,Bull Creek,,1450,1550,40,2
1HE21,UNNAMED,A,Rood,,1100,1400,120,1
1HE79,FALSE MOORE,A,Rood,,1100,1400,120,1
1HO101,SEABORN/Omussee Creek/Crawford,A,Bull Creek,,1450,1550,40,1
1HO40,KING,A,Rood II,,1200,1300,40,2
1HO40,KING,B,Bull Creek,,1450,1550,40,2
1JA101,SNODGRASS,A,Langston,,1000,1200,80,2
1JA101,SNODGRASS,A,Henry Island,,1200,1400,80,2
1JA176,COX,A,Langston,,1000,1200,80,1
1JA176,COX,B,Crow Creek,,1400,1600,80,1
1JA180,RUDDER,A,Henry Island,,1200,1400,80,2
1JA28,Sauty - Riley (1JA28A),A,Langston,,1000,1200,80,1
1JA28,Sauty - Riley (1JA28A),A,Henry Island,,1200,1400,80,1
1JA5000,Widow's Creek,A,Hamilton Burial Complex,,700,1000,120,2
1JA5001,Williams Landing,A,Hamilton Burial Complex,,700,1000,120,3
1JA5002,no name,A,Hamilton Burial Complex,,700,1000,120,1
1JA9,LANGSTON MOUND,A,Langston,,1000,1200,80,1
1JE12,BESSEMER,A,Late West Jefferson,,975,1050,75,3
1JE12,BESSEMER,A,Moundville I,,1050,1250,,3
1JE12,BESSEMER,A,Early Moundville I,,1050,1150,100,3
1JE12,BESSEMER,A,Late Moundville I,,1150,1250,40,3
1JE497,no name,A,Emergent Mississippian,,900,1000,40,2
1LA13,UNNAMED,A,Hobbs island,,1200,1400,80,1
1LE1,Soap Creek Mound/Wacoochee Mound/Cattasoak Mound,A,Early Savannah,,1150,1250,40,1
1LE1,Soap Creek Mound/Wacoochee Mound/Cattasoak Mound,B,Bull Creek,,1450,1550,40,1
1LI14,Red Fox,A,trans. Late Wood/Early M,,950,1050,40,1
1LU21,SEVEN MILE ISLAND,A,Kogers Island,,1200,1400,80,1
1MA1,HOBBS ISLAND,A,Hobbs island,,1200,1400,80,4
1MA31,Walling II,A,Hobbs island,,1200,1400,80,2
1MA33,WALLING,A,Langston,,1000,1200,80,1
1MB10,SALT MARSH,A,Pensacola,,1200,1700,200,1
1MB207,UNNAMED,A,Pensacola,,1200,1700,200,1
1MB208,ALBA CLUB,A,Pensacola,,1200,1700,200,1
1MB8,CODEN BAYOU,A,Pensacola,,1200,1700,200,4
1MC9,Atasi,A,Shine II,,1400,1550,60,1
1MC9,Atasi,B,Atasi,,1600,1715,46,1
1MG1,UNNAMED,A,Hobbs island,,1200,1400,80,1
1MN227,LITTLE RIVER,A,Late Mississippian,,1400,1600,,1
1MN227,LITTLE RIVER,A,Bottle Creek II,,1400,1550,60,1
1MN227,LITTLE RIVER,A,Bear Point,,1550,1700,60,1
1MR6,Hamilton Mounds,A,Moundville II,,1250,1400,60,1
1MR6,Hamilton Mounds,A,Moundville III,,1400,1520,48,1
1MS39,GUNTERS LANDING,A,Langston,,1000,1200,80,1
1MS55,Henry Island,A,Henry Island,,1200,1400,80,2
1MS55,Henry Island,A,Crow Creek,,1400,1600,80,2
1MT10,Muklasa,A,Shine II,,1400,1550,60,1
1MT127,BUTLER/Sellars,A,Brannon,,1100,1300,80,1
1MT282,ADAIR,A,Shine I,,1200,1400,80,2
1MT282,ADAIR,B,Atasi,,1600,1715,46,2
1MT3,KULUMI,A,Shine II,,1400,1550,60,2
1MT5,Big Eddy,A,Shine II,,1400,1550,60,1
1MT51,Charlote Thompson,A,Shine II,,1400,1550,60,1
1MT51,Charlote Thompson,B,Atasi,,1600,1715,46,1
1MT6,JERE SHINE,A,Shine I,,1200,1400,80,4
1MT6,JERE SHINE,A,Shine II,,1400,1550,60,4
1MT7,30 ACRE FIELD,A,Shine II,,1400,1550,60,2
1PI122,BAILEYS BOTTOM MOUND,A,Summerville II/III,,1200,1500,120,1
1PI85,LUBBUB CREEK,A,Summerville I,,1000,1200,80,1
1PI85,LUBBUB CREEK,A,Summerville II/III,,1200,1500,120,1
1RU61,Abercrombie/Fitzgerald,A,Early Savannah,,1150,1250,40,1
1RU61,Abercrombie/Fitzgerald,B,Abercrombie,,1600,1650,50,1
1TA150,Hightower,A,Kymulga,,1500,1650,60,1
1TU278,Poellnitz,A,Late Moundville I,,1150,1250,40,1
1TU278,Poellnitz,A,Early Moundville II,,1250,1325,75,1
1TU278,Poellnitz,A,Late Moundville II,,1325,1400,75,1
1TU278,Poellnitz,A,Early Moundville III,,1400,1450,50,1
1TU3,Snows Bend,A,Late Moundville II,,1325,1400,75,1
1TU3,Snows Bend,A,Moundville III,,1400,1520,48,1
1TU41,Grays Landing,A,Moundville I,,1050,1250,80,1
1TU41,Grays Landing,A,Moundville II,,1250,1400,150,1
1TU41,Grays Landing,A,Moundville III,,1400,1520,48,1
1TU42,Moon Lake/Fosters Landing/Wiggins,A,Late Moundville II,,1325,1400,75,1
1TU42,Moon Lake/Fosters Landing/Wiggins,A,Moundville III,,1400,1520,120,1
1TU42,Moon Lake/Fosters Landing/Wiggins,A,Moundville IV,,1520,1650,52,1
1TU44,Jones Ferry,A,West Jefferson,,900,1050,60,1
1TU44,Jones Ferry,B,Late Moundville I,,1150,1250,40,1
1TU46,Hills Gin Landing/Burnette,A,Moundville III,,1400,1520,48,1
1TU50,Asphalt,A,Early Moundville I,,1050,1150,40,1
1TU500,Moundville,A,Early Moundville I,,1050,1150,40,29
1TU500,Moundville,A,Late Moundville I,,1150,1250,100,29
1TU500,Moundville,A,Moundville II,,1250,1400,,29
1TU500,Moundville,A,Early Moundville II,,1250,1325,75,29
1TU500,Moundville,A,Late Moundville II,,1325,1400,75,29
1TU500,Moundville,A,Moundville III,,1400,1520,,29
1TU500,Moundville,A,Early Moundville III,,1400,1450,50,29
1TU500,Moundville,A,Late Moundville III,,1450,1520,70,29
1TU500,Moundville,A,Moundville IV,,1520,1650,52,29
1TU56,Hog Pen Mound,A,Late Moundville I,,1150,1250,40,1
1TU56,Hog Pen Mound,A,Moundville II,,1250,1400,,1
1TU56,Hog Pen Mound,A,Early Moundville II,,1250,1325,75,1
1TU56,Hog Pen Mound,A,Late Moundville II,,1325,1400,75,1
1WN51,Bates Lake,A,Bear Point,,1550,1700,60,1
1WN76,Three Rivers Landing,A,Bear Point,,1550,1700,60,4
1WN81,Mound Near Gaines landing,A,Late Mississippian,,1400,1600,80,1
1WN86,Ginhouse Island Mound,A,Gin House Complex,,1550,1700,60,1
1WX169,Matthews Landing Mounds/Furman,A,Furman,,1450,1600,60,2
1WX77,H. Dale,A,Alabama River,,1550,1700,60,1
1WX98,Phillippi Mound,A,Furman,,1450,1600,60,1
22AD500,Anna,A,Balmoral,,1000,1100,40,8
22AD500,Anna,B,Anna,,1200,1350,60,8
22AD500,Anna,B,Foster,,1350,1500,150,8
22AD500,Anna,B,Emerald,,1500,1682,72.8,8
22AD501,Fatherland,A,Gordon,,1100,1200,40,3
22AD501,Fatherland,A,Anna,,1200,1350,60,3
22AD501,Fatherland,B,Emerald,,1500,1682,72.8,3
22AD501,Fatherland,B,Natchez,,1682,1730,48,3
22AD502,Mazique,A,Balmoral,,1000,1100,40,3
22AD502,Mazique,B,Plaquemine,,1200,1650,180,3
22AD503,Foster,A,Plaquemine,,1200,1650,180,2
22AD503,Foster,A,Foster,,1350,1500,,2
22AD503,Foster,A,Emerald,,1500,1682,,2
22AD504,Emerald,A,Gordon,,1100,1200,40,8
22AD504,Emerald,A,Anna,,1200,1350,150,8
22AD504,Emerald,A,Foster,,1350,1500,150,8
22AD504,Emerald,A,Emerald,,1500,1682,182,8
22AD504,Emerald,A,Natchez,,1682,1730,48,8
22AD508,Greenwood,A,Ballina,,850,1000,60,2
22AD508,Greenwood,B,Gordon,,1100,1200,40,2
22AD509,Springfield Hunt Club,A,Gordon,,1100,1200,40,1
22AD509,Springfield Hunt Club,A,Anna,,1200,1350,60,1
22AD533,Hitchins Ridge,A,Gordon,,1100,1200,40,2
22AD533,Hitchins Ridge,A,Anna,,1200,1350,60,2
22AD554,Bellemont Mound,A,Natchez,,1682,1730,48,1
22AD574,Henderson,A,Gordon,,1100,1200,40,2
22AD589,Saragoosa Bayou/Cummins,A,Plaquemine,,1200,1650,180,1
22AD600,Ratcliffe,A,Gordon,,1100,1200,40,1
22AD600,Ratcliffe,A,Anna,,1200,1350,60,1
22AD600,Ratcliffe,B,Emerald,,1500,1682,72.8,1
22AD619,Shieldsboro,A,Anna,,1200,1350,60,3
22BO500,Alligator Mounds,A,Hushpuckena,,1400,1600,80,5
22BO501,Blanchard,A,Hushpuckena,,1400,1600,80,4
22BO503,Nebletts Landing,A,Hushpuckena,,1400,1600,80,2
22BO505,Tomanelli,A,Hushpuckena,,1400,1600,80,3
22BO506,Yates,A,Late Mississippian,,1400,1600,80,3
22BO508,Mount Olive,A,Hushpuckena,,1400,1600,80,2
22BO509,Stokes Bayou,A,Hushpuckena,,1400,1600,80,5
22BO513,Bear Ridge,A,Hushpuckena,,1400,1600,80,5
22BO521,Bush,A,Hushpuckena,,1400,1600,80,3
22BO522,O'Donnell,A,Hushpuckena,,1400,1600,80,1
22BO532,Merigold,A,Hushpuckena,,1400,1600,80,7
22BO541,Lipe,A,Hushpuckena,,1400,1600,80,2
22BO638,Clark,A,Hushpuckena,,1400,1600,80,2
22BO640,Perkins,A,Winterville,,1200,1350,60,4
22CB508,Windsor,A,Balmoral,,1000,1100,40,4
22CB508,Windsor,A,Gordon,,1100,1200,100,4
22CB508,Windsor,A,Anna,,1200,1350,150,4
22CB508,Windsor,A,Plaquemine,,1200,1650,60,4
22CB508,Windsor,A,Foster,,1350,1500,150,4
22CB534,Bayou Pierre,A,Balmoral,,1000,1100,40,3
22CB534,Bayou Pierre,A,Gordon,,1100,1200,100,3
22CB534,Bayou Pierre,A,Anna,,1200,1350,60,3
22CB581,Segrist Mound,A,Plaquemine,,1200,1650,180,1
22CO502,Dickerson Mounds,A,Parchman,,1500,1600,40,2
22CO503,Oliver,A,Peabody,,800,1000,80,2
22CO503,Oliver,B,Hushpuckena,,1400,1600,80,2
22CO503,Oliver,B,Oliver,,1600,1700,40,2
22CO504,Salomon,A,Parchman,,1500,1600,40,5
22CO505,Carson/Stovall Mounds,A,Peabody,,800,1000,70,5
22CO505,Carson/Stovall Mounds,A,trans. Late Wood/Early M,,950,1050,30,5
22CO505,Carson/Stovall Mounds,B,Parchman,,1500,1600,40,5
22CO510,Barbee,A,Parchman,,1500,1600,40,1
22CO511,Parchman,A,Parchman,,1500,1600,40,5
22CO516,Wilford/Wilsford,A,Parchman,,1500,1600,40,2
22CO517,Lula,A,Parchman,,1500,1600,40,2
22CO518,Montgomery (Carson/Stoval on site form),A,Peabody,,800,1000,70,2
22CO518,Montgomery (Carson/Stoval on site form),A,trans. Late Wood/Early M,,950,1050,30,2
22CO518,Montgomery (Carson/Stoval on site form),B,Parchman,,1500,1600,40,2
22CO520,Spendthrift,A,Quitman,,1500,1600,40,1
22CO524,Ellis,A,Late Mississippian,,1400,1600,80,3
22CO525,Rufus Davis,A,Late Mississippian,,1400,1600,80,2
22CO529,Myer,A,Hushpuckena,,1400,1600,80,1
22CO535,Bobo,A,Peabody,,800,1000,80,1
22CO535,Bobo,B,Winterville,,1200,1350,60,1
22CO535,Bobo,C,Hushpuckena,,1400,1600,80,1
22CO536,Crawford Lake,A,Hushpuckena,,1400,1600,80,1
22CO542,Barner,A,Peabody,,800,1000,80,3
22CO551,Bramlett,A,Hushpuckena,,1400,1600,80,2
22CO625,Clover Hill,A,Parchman,,1500,1600,40,1
22CO669,Clarksdale,A,Late Mississippian,,1400,1600,80,4
22CO713,Sunflower Landing,A,Late Mississippian,,1400,1600,80,1
22CS501,Old Thelma Mound Group,A,Early Mississippian,,1000,1200,80,5
22CS502,Owl Creek/ Shiloh Church Mounds,A,Early Mississippian,,1000,1200,80,5
22DS500,Walls,A,Walls,,1400,1550,60,1
22DS501,Lake Cormorant,A,Walnut Bend,,700,1000,120,2
22DS501,Lake Cormorant,B,Walls,,1400,1550,60,2
22DS509,Edgefield Mounds,A,Walls,,1400,1550,60,2
22DS514,Cheatham/Cheathan,A,Walls,,1400,1550,60,1
22DS515,Withers,A,Walnut Bend,,700,1000,120,2
22DS515,Withers,B,Late Mississippian,,1400,1600,80,2
22DS516,Irby,A,Walls,,1400,1550,60,1
22DS517,Woodlyn,A,Walls,,1400,1550,60,1
22GO640,Perkins,A,Winterville,,1200,1350,60,4
22HI500,Pocahontas,A,Dupree,,1000,1200,80,2
22HI500,Pocahontas,A,Chapman,,1200,1350,60,2
22HI502,Dupree Mound,A,Dupree,,1000,1200,80,1
22HI515,Chapman Mound,A,Chapman,,1200,1350,60,1
22HI544,Blaine,A,Crippen Point,,1000,1200,80,1
22HI544,Blaine,A,Anna,,1200,1350,150,1
22HO502,Old Hoover,A,Chapman,,1200,1350,,1
22HO502,Old Hoover,A,Smith,,1350,1500,60,1
22HO506,Phillipi,A,Wasp Lake,,1500,1682,72.8,2
22HO565,French,A,Early Mississippian,,1000,1200,80,1
22HO565,French,B,Late Mississippian,,1400,1600,80,1
22HR50,Deer Island,A,Singing River,,1350,1550,80,1
22HR500,Deer Island,A,Late Mississippian,,1400,1600,70,1
22HR500,Deer Island,A,Bear Point,,1550,1700,50,1
22HU504,Fort Place/Lamkin,A,Wasp Lake,,1500,1682,72.8,2
22HU505,Jaketown,A,Lake George I,,1350,1425,75,6
22HU505,Jaketown,A,Late Mississippian,,1400,1600,175,6
22HU505,Jaketown,A,Wasp Lake,,1500,1682,82,6
22HU506,Holly/Atchafalaya Bayou,A,Lake George,,1350,1500,60,2
22HU507,Silver City,A,Lake George I,,1350,1425,75,3
22HU507,Silver City,B,Wasp Lake,,1500,1682,72.8,3
22HU509,Midnight,A,Winterville,,1200,1350,60,2
22HU510,Summerfield/Parker,A,Kings Crossing,,900,1000,40,3
22HU510,Summerfield/Parker,B,Lake George,,1350,1500,60,3
22HU523,Cold Lake,A,Kings Crossing,,900,1000,40,2
22HU523,Cold Lake,B,Lake George,,1350,1500,60,2
22IS500,Grace,A,Crippen Point,,1000,1200,80,3
22IS500,Grace,A,Winterville,,1200,1350,150,3
22IS500,Grace,A,Lake George I,,1350,1425,75,3
22IS501,Mayersville,A,Crippen Point,,1000,1200,80,11
22IS501,Mayersville,A,Winterville,,1200,1350,60,11
22IS502,Hardee,A,Crippen Point,,1000,1200,80,3
22IS502,Hardee,A,Winterville,,1200,1350,60,3
22IS503,Johnson,A,Winterville,,1200,1350,60,3
22IS506,Manny,A,Kings Crossing,,900,1000,40,4
22IS506,Manny,A,Crippen Point,,1000,1200,200,4
22IS506,Manny,A,Winterville,,1200,1350,60,4
22IS520,Magna Vista,A,Lake George,,1350,1500,60,1
22IS522,Duck Lake Mounds,A,Winterville,,1200,1350,60,3
22JA578,Singing River/Michelle Mound,A,Pinola,,1200,1350,60,1
22JA578,Singing River/Michelle Mound,A,Singing River,,1350,1550,200,1
22JA578,Singing River/Michelle Mound,A,Bear Point,,1550,1700,60,1
22JE500,Feltus/Ferguson/Truly,A,Ballina,,850,1000,60,4
22JE500,Feltus/Ferguson/Truly,A,Balmoral,,1000,1100,40,4
22JE500,Feltus/Ferguson/Truly,B,Emerald,,1500,1682,72.8,4
22JE501,Gordon,A,Gordon,,1100,1200,40,2
22JE501,Gordon,B,Emerald,,1500,1682,72.8,2
22JE514,Bates #1,A,Anna,,1200,1350,60,1
22LF505,Shell Bluff,A,Cahokia Horizon,,1150,1250,40,3
22LF512,Whaley,A,Quitman,,1500,1600,40,2
22LF513,McLean,A,Cahokia Horizon,,1150,1250,40,2
22LF513,McLean,B,Wasp Lake,,1500,1682,72.8,2
22LO507,Coleman,A,Summerville I,,1000,1200,80,1
22LO507,Coleman,A,Summerville II/III,,1200,1500,120,1
22LO554,Chowder Springs Mound A,A,Summerville I,,1000,1200,80,2
22LW510,Pevey/Mill Creek,A,Crippen Point,,1000,1200,60,9
22LW510,Pevey/Mill Creek,A,Winstead,,1100,1350,80,9
22LW510,Pevey/Mill Creek,B,Late Mississippian,,1400,1600,80,9
22LW511,Lowe-Steen,A,Crippen Point,,1000,1200,60,2
22LW511,Lowe-Steen,A,Winstead,,1100,1350,80,2
22MA550,Ball Mill Creek Mounds,A,Gordon,,1100,1200,,4
22MA550,Ball Mill Creek Mounds,A,Winstead,,1100,1350,100,4
22MD5000,Sycamore Mound,A,Dupree,,1000,1200,80,1
22MD501,Smith Plantation Mound,A,Smith,,1350,1500,60,1
22MD502,Gross Plantation Mound,A,Smith,,1350,1500,60,1
22OK520,Lyon's Bluff,A,Summerville I,,1000,1200,80,1
22OK520,Lyon's Bluff,A,Summerville II/III,,1200,1500,300,1
22OK520,Lyon's Bluff,A,Summerville IV,,1500,1600,40,1
22PA528,Crenshaw/Moto Mound,A,Late Mississippian,,1400,1600,80,3
22QU500,"Posey, LMS 15-O-06",A,Parchman,,1500,1600,40,2
22QU511,Whiting,A,Quitman,,1500,1600,40,2
22QU514,Aldison/Alison,A,Late Mississippian,,1400,1600,80,2
22QU525,"Shady Grove, 16-P-2",A,Quitman,,1500,1600,40,2
22SH501,Magee/ Deer Creek,A,Lake George,,1350,1500,60,6
22SH502,Panther Burn,A,Lake George,,1350,1500,60,1
22SH505,Mont Helena,A,Lake George,,1350,1500,60,3
22SH506,Rolling Fork,A,Lake George I,,1350,1425,75,3
22SH507,Cary,A,Lake George I,,1350,1425,75,4
22SH507,Cary,A,Lake George II,,1425,1500,75,4
22SH510,Anguilla,A,Crippen Point II,,1100,1200,40,2
22SH510,Anguilla,A,Winterville I,,1200,1275,75,2
22SH510,Anguilla,A,Winterville II,,1275,1350,75,2
22SH510,Anguilla,A,Lake George I,,1350,1425,75,2
22SH515,Stalonia,A,Kings Crossing,,900,1000,40,3
22SH515,Stalonia,A,Crippen Point,,1000,1200,80,3
22SH532,Carter,A,Crippen Point I,,1000,1100,40,2
22SU501,Walford,A,Hushpuckena,,1400,1600,80,3
22SU503,Penitentiary,A,Late Mississippian,,1400,1600,80,1
22SU508,Vance,A,Late Mississippian,,1400,1600,80,1
22SU510,Dockery,A,Late Mississippian,,1400,1600,80,2
22SU511,Long Lake,A,Late Mississippian,,1400,1600,80,2
22SU516,Powell Bayou,A,Hushpuckena,,1400,1600,80,4
22SU517,Marlow,A,Hushpuckena,,1400,1600,80,1
22SU522,Boyer,A,Hushpuckena,,1400,1600,80,2
22SU526,Kinlock,A,Lake George I,,1350,1425,75,3
22SU526,Kinlock,B,Wasp Lake,,1500,1682,72.8,3
22SU528,Bay Lake,A,Lake George,,1350,1500,60,3
22SU530,Failing,A,Lake George,,1350,1500,60,2
22SU531,Lake Dawson,A,Late Mississippian,,1400,1600,80,3
22SU578,Pritchard,A,Lake George,,1350,1500,60,2
22TL501,Buford,A,Early Mississippian,,1000,1200,80,3
22TL501,Buford,B,Hushpuckena,,1400,1600,80,3
22TL506,Cason/Phillips Mound,A,Quitman,,1500,1600,40,4
22TL507,Vance,A,Late Mississippian,,1400,1600,80,1
22TL516,Tippo Bayou,A,Quitman,,1500,1600,40,1
22TS500,Bear Creek Mound,A,Moundville II,,1250,1400,60,1
22TU500,Hollywood/Bowdre,A,Hollywood-MS,,1400,1550,60,7
22TU501,Dundee,A,Parchman,,1500,1600,40,4
22TU502,Evansville,A,Hollywood-MS,,1400,1550,60,4
22TU504,Commerce,A,Hollywood-MS,,1400,1550,60,1
22TU512,Owens,A,Hollywood-MS,,1400,1550,60,2
22TU514,Perry,A,Hollywood-MS,,1400,1550,60,4
22TU520,West Mounds/Hood Mounds,A,Parchman,,1500,1600,40,3
22TU521,Kendal Mound and Village,A,Hollywood-MS,,1400,1550,60,1
22TU523,Canon,A,Walnut Bend,,700,1000,120,1
22TU523,Canon,B,Parchman,,1500,1600,40,1
22TU570,Trout Lake Mound and Village,A,Middle Mississippian,,1200,1400,80,1
22WK504,Lessley (also listed as WK506),A,Gordon/Anna,,1100,1200,40,1
22WK504,Lessley (also listed as WK506),B,Foster/Emerald,,1350,1500,60,1
22WK526,Smith Creek,A,Ballina,,850,1000,60,3
22WK526,Smith Creek,A,Balmoral,,1000,1100,100,3
22WK526,Smith Creek,A,Gordon,,1100,1200,100,3
22WK526,Smith Creek,A,Anna,,1200,1350,60,3
22WR500,Yokena,A,Anna,,1200,1350,60,3
22WR501,Haynes Bluff,A,Winterville II,,1275,1350,75,4
22WR501,Haynes Bluff,B,Lake George II,,1425,1500,75,4
22WR501,Haynes Bluff,C,Wasp Lake II,,1550,1650,40,4
22WR501,Haynes Bluff,D,Russell,,1682,1730,48,4
22WR502,Glass,A,Gordon,,1100,1200,40,4
22WR502,Glass,A,Anna,,1200,1350,150,4
22WR502,Glass,A,Foster,,1350,1500,150,4
22WR502,Glass,A,Emerald,,1500,1682,72.8,4
22WR537,Kings Crossing,A,Kings Crossing,,900,1000,40,3
22WR611,Oak Bend Landing,A,Emerald,,1500,1682,72.8,1
22WR614,Cotton Mounds,A,Middle Mississippian,,1200,1400,80,4
22WR614,Cotton Mounds,A,Winterville II,,1275,1350,0,4
22WR614,Cotton Mounds,A,Lake George I,,1350,1425,25,4
22WR614,Cotton Mounds,B,Cotton Mounds,,1500,1650,60,4
22WR615,Ferris,A,Lake George,,1350,1500,60,1
22WR631,Chittoloosa,A,Winterville I,,1200,1275,75,1
22WR631,Chittoloosa,B,Cotton Mounds,,1500,1650,60,1
22WR631,Chittoloosa,B,Chittoloosa,,1650,1700,50,1
22WS500,Winterville / Blum,A,Crippen Point,,1000,1200,80,20
22WS500,Winterville / Blum,A,Winterville I,,1200,1275,75,20
22WS500,Winterville / Blum,A,Winterville II,,1275,1350,75,20
22WS500,Winterville / Blum,A,Lake George I,,1350,1425,75,20
22WS500,Winterville / Blum,A,Lake George II,,1425,1500,75,20
22WS501,Leland/Avondale,A,Lake George,,1350,1500,60,5
22WS502,Dunleith,A,Kings Crossing,,900,1000,40,2
22WS502,Dunleith,A,Crippen Point,,1000,1200,80,2
22WS505,Ely,A,Lake George,,1350,1500,60,1
22WS506,Metcalfe/Deer Creek,A,Lake George,,1350,1500,60,5
22WS508,Refuge,A,Crippen Point II,,1100,1200,40,3
22WS508,Refuge,A,Winterville,,1200,1350,150,3
22WS508,Refuge,A,Lake George I,,1350,1425,75,3
22WS510,Sheldon,A,Lake George,,1350,1500,60,1
22WS511,Sherwood,A,Lake George,,1350,1500,60,2
22WS513,Arcola High School,A,Crippen Point,,1000,1200,80,1
22WS516,Arcola,A,Kings Crossing,,900,1000,40,6
22WS516,Arcola,A,Crippen Point,,1000,1200,200,6
22WS516,Arcola,A,Winterville,,1200,1350,150,6
22WS516,Arcola,A,Lake George I,,1350,1425,75,6
22WS516,Arcola,A,Late Mississippian,,1400,1600,,6
22WS516,Arcola,A,Lake George II,,1425,1500,75,6
22WS516,Arcola,A,Wasp Lake,,1500,1682,72.8,6
22WS518,Swan Lake,A,Winterville,,1200,1350,60,4
22WS518,Swan Lake,A,Lake George,,1350,1500,60,4
22WS549,Law,A,Crippen Point,,1000,1200,80,3
22WS549,Law,B,Lake George I,,1350,1425,75,3
22WS550,Griffin,A,Kings Crossing,,900,1000,40,5
22WS550,Griffin,B,Cahokia Horizon,,1150,1250,30,5
22WS550,Griffin,B,Winterville,,1200,1350,150,5
22WS550,Griffin,B,Lake George,,1350,1500,50,5
22WS554,Percy Jones,A,Crippen Point,,1000,1200,80,3
22WS554,Percy Jones,A,Winterville,,1200,1350,60,3
22YZ547,Woodbine Plantation Mound,A,Smith,,1350,1500,60,1
22YZ557,Lake George,A,Crippen Point,,1000,1200,80,24
22YZ557,Lake George,A,Winterville,,1200,1350,,24
22YZ557,Lake George,A,Winterville I,,1200,1275,75,24
22YZ557,Lake George,A,Winterville II,,1275,1350,75,24
22YZ557,Lake George,A,Lake George,,1350,1500,,24
22YZ557,Lake George,A,Lake George I,,1350,1425,75,24
22YZ557,Lake George,A,Lake George II,,1425,1500,75,24
22YZ562,Landrum,A,Crippen Point,,1000,1200,80,3
22YZ562,Landrum,A,Winterville,,1200,1350,150,3
22YZ562,Landrum,A,Lake George,,1350,1500,60,3
22YZ587,Mabin,A,Crippen Point,,1000,1200,80,3
22YZ587,Mabin,A,Winterville,,1200,1350,150,3
22YZ587,Mabin,A,Lake George,,1350,1500,60,3
22YZ596,Champlin,A,Early Mississippian,,1000,1200,80,2
22YZ610,Gammel,A,Crippen Point,,1000,1200,80,2
22YZ610,Gammel,B,Lake George,,1350,1500,60,2
38AK15,Mason Plantation,A,Hollywood,,1250,1350,40,6
38AL11,Lawton,A,Hollywood,,1250,1350,40,2
38OC47,Chauga,A,Woodstock,,900,1000,40,1
38OC47,Chauga,B,Jarrett,,1075,1150,75,0
38OC47,Chauga,C,Tugalo,,1450,1550,40,0
38OC47,Chauga,D,Estatoe,,1650,1750,40,0
40AN17,Lea Farm site,A,Small Log,,1050,1250,80,3
40AN19,Cox Mound,A,Large Log,,1250,1550,120,1
40AN32,Clinton Mound/Fish Hatchery site,A,Early Dallas,,1300,1400,40,1
40AN4,Holt Island,A,Late Dallas,,1400,1600,80,1
40BT7,Chilhowee/McMurray,A,Late Dallas,,1400,1600,80,3
40BT8,Talassee/Hardin Mound,A,Early Dallas,,1300,1400,40,1
40BT8,Talassee/Hardin Mound,A,Late Dallas,,1400,1600,80,1
40CE10,Ausmus Farm Mounds,A,Large Log,,1250,1550,120,2
40CH8,Mound Bottom,A,Early Mississippian,,1000,1200,80,14
40CP2,Bowman Farm,A,Small Log,,1050,1250,80,2
40CP5,Irvin Village site,A,Small Log,,1050,1250,80,1
40CP5,Irvin Village site,A,Large Log,,1250,1550,120,1
40CP58,McCarty Farm Mounds,A,Small Log,,1050,1250,80,3
40CP8,Richardson Farm Mound,A,Small Log,,1050,1250,80,1
40CP9,Harris Farm mounds,A,Small Log,,1050,1250,80,2
40DK19,Cottage Home Mound,A,Emergent Mississippian,,900,1000,40,1
40DV3,Cains Chapel/Noel Cemetery,A,Thruston,,1250,1450,80,3
40DV39,Brick Church Pike Mound/Love Mound,A,Thruston,,1250,1450,80,2
40DV4,East Nashville Mounds,A,Thruston,,1250,1450,80,4
40DV426,Miss Bowling's Farm/Bosley Farm,A,Dowd,,1100,1250,60,5
40DV5,French Lick,A,Dowd,,1100,1250,60,1
40DV5,French Lick,A,Thruston,,1250,1450,80,1
40DV6,Gordontown,A,Thruston,,1250,1450,80,4
40FY7,Ames Plantation site.,A,Middle Mississippian,,1200,1400,80,4
40GN2,Lick Creek/Cooper,A,Late Dallas,,1400,1600,80,2
40HA1,Dallas,A,Early Dallas,,1300,1400,40,1
40HA1,Dallas,A,Late Dallas,,1400,1600,80,1
40HA10,Sale Creek,A,Early Hiwassee Island,,1050,1200,60,1
40HA10,Sale Creek,B,Late Dallas,,1400,1600,80,1
40HA146,Hampton Place,A,Late Dallas,,1400,1600,80,1
40HA2,Davis,A,Early Hiwassee Island,,1050,1200,60,1
40HA2,Davis,B,Dallas,,1300,1600,120,1
40HA3,Hixon,A,Hiwassee Island,,1050,1300,,1
40HA3,Hixon,A,Early Hiwassee Island,,1050,1200,60,1
40HA3,Hixon,A,Late Hiwassee Island,,1200,1300,40,1
40HA60,Williams island/Hampton Mound,A,Late Dallas,,1400,1600,80,1
40HA65,Citico,A,Early Hiwassee Island,,1050,1200,60,2
40HA65,Citico,A,Late Hiwassee Island,,1200,1300,100,2
40HA65,Citico,A,Early Dallas,,1300,1400,100,2
40HA65,Citico,A,Late Dallas,,1400,1600,80,2
40HA65,Citico,A,Late Mississippian,,1400,1600,80,2
40HM2,Bolivar/Pleasant Run,A,Early Mississippian,,1000,1200,80,6
40HR16,Swallow Bluff Island,A,Shiloh,,1050,1400,140,2
40HR24,Pittsburgh Ferry,A,Shiloh,,1050,1400,140,1
40HR29,Savannah,A,Shiloh,,1050,1400,140,17
40HR30,McKelvey/Swan Pond,A,Shiloh,,1050,1400,140,1
40HR5,Wolf Island,A,Shiloh,,1050,1400,140,2
40HR7,Shiloh,A,Shiloh,,1050,1400,140,7
40HS1,Slayden,A,Early Mississippian,,1000,1200,80,2
40HS12,Patterson site,A,Middle Mississippian,,1200,1400,80,5
40HS6,Link Farm,A,Middle Mississippian,,1200,1400,80,3
40HY14,Obion,A,Early Mississippian,,1000,1200,80,7
40JE1,Fain's island,A,Late Dallas,,1400,1600,80,1
40JE10,Loy site/McBee,A,Dallas,,1300,1600,120,1
40JE2,Zimmerman's Island,A,Dallas,,1300,1600,120,1
40JK15,Flynn's Lick/ Smith Site No. 6,A,Thruston,,1250,1450,80,2
40KN23,Post Oak Island,A,Late Dallas,,1400,1600,80,1
40KN266,Caylor/Stratton,A,Late Dallas,,1400,1600,80,2
40KN43,Vance Mound/John Sevier,A,Dallas,,1300,1600,120,1
40KN55,Brakebill Mound,A,Late Dallas,,1400,1600,80,1
40LA17,no name,A,Jones Bayou,,1400,1550,60,1
40LA19,Dry Arm site,A,Jones Bayou,,1400,1550,60,1
40LA2,Porter site,A,Jones Bayou,,1400,1550,60,2
40LA3,no name,A,Middle Mississippian,,1200,1400,80,1
40LA3,no name,A,Late Mississippian,,1400,1600,80,1
40LA4,Jones Bayou,A,Jones Bayou,,1400,1550,60,1
40LA6,no name,A,Red-Filmed Horizon,,950,1050,40,6
40LA6,no name,B,Late Mississippian,,1400,1600,80,6
40LD17,Bussell Island/Lenoir Mounds 1 and 2,A,Martin Farm,,950,1050,40,2
40LD17,Bussell Island/Lenoir Mounds 1 and 2,B,Late Dallas,,1400,1600,80,2
40LD24,Bat Creek Mounds,A,Martin Farm,,950,1050,40,1
40LK1,Haynes,A,Middle Mississippian,,1200,1400,80,1
40LK10,Foxhole site,A,Red-Filmed Horizon,,950,1050,40,1
40LK2,no name,A,Middle Mississippian,,1200,1400,80,1
40LK3,no name,A,Stirling,,1050,1150,40,1
40MD85,Denmark mounds,A,Early Mississippian,,1000,1200,80,3
40MG31,Hiwassee Island,A,Early Hiwassee Island,,1050,1200,60,2
40MG31,Hiwassee Island,A,Late Hiwassee Island,,1200,1300,100,2
40MG31,Hiwassee Island,A,Dallas,,1300,1600,120,2
40MI2,Wilson/hudlow,A,Early Mississippian,,1000,1200,80,1
40MI2,Wilson/hudlow,B,Late Dallas,,1400,1600,80,1
40MI69,Long Island Mounds,A,Hiwassee Island,,1050,1300,100,3
40MI69,Long Island Mounds,B,Late Dallas,,1400,1600,80,3
40MI7,Bennett Place,A,Early Dallas,,1300,1400,40,3
40MR20,Martin Farm,A,Martin Farm,,950,1050,40,2
40MR20,Martin Farm,A,Hiwassee Island,,1050,1300,100,2
40MR27,Mayfield II,A,Hiwassee Island,,1050,1300,100,1
40MR6,Toqua,A,Middle Mississippian,,1200,1400,,2
40MR6,Toqua,A,Late Hiwassee Island,,1200,1300,40,2
40MR6,Toqua,A,Early Dallas,,1300,1400,100,2
40MR6,Toqua,A,Late Dallas,,1400,1600,80,2
40MR7,Citico/McSpaddin Mound No. 4,A,Late Dallas,,1400,1600,80,1
40MR75,Great Tellico,A,Late Dallas,,1400,1600,80,4
40OB1,Samburg,A,Red-Filmed Horizon,,950,1050,40,2
40OB112,no name,A,Red-Filmed Horizon,,950,1050,40,1
40OB122,no name,A,Red-Filmed Horizon,,950,1050,40,6
40OB2,Idlewilde Mounds,A,Early Mississippian,,1000,1200,80,2
40OB2,Idlewilde Mounds,A,Middle Mississippian,,1200,1400,80,2
40OB4,Kenton,A,Early Mississippian,,1000,1200,80,7
40OB6,Effigy Rabbit site,A,Red-Filmed Horizon,,950,1050,40,4
40PK16,Davis,A,Early Etowah,,1000,1075,75,1
40PK16,Davis,B,Lamar,,1350,1550,80,1
40PK265,Site 121,A,Late Dallas,,1400,1600,80,1
40PK3,Hiwassee Old Town/Great Hiwassee,A,Hiwassee Island,,1050,1300,100,1
40PK3,Hiwassee Old Town/Great Hiwassee,A,Dallas,,1300,1600,120,1
40RE1,R.H. Bell,A,Dallas,,1300,1600,120,7
40RE12,DeArmond,A,Hamilton Burial Complex,,700,1000,120,1
40RE12,DeArmond,B,Hiwassee Island,,1050,1300,100,1
40RE12,DeArmond,B,Late Hiwassee Island,,1200,1300,,1
40RE12,DeArmond,C,Late Dallas,,1400,1600,80,1
40RE17,Long Island,A,Dallas,,1300,1600,120,7
40RE19,Thief's Neck/Camp John Knox Mound,A,Dallas,,1300,1600,120,2
40RE69,Wright Bend,A,Dallas,,1300,1600,120,3
40RH6,Leuty,A,Hiwassee Island,,1050,1300,100,1
40sm25,Moss Mound,A,Dowd,,1100,1250,60,2
40SM43,Beasley Mounds/Dixon Springs,A,Spencer,,900,1100,80,5
40SM43,Beasley Mounds/Dixon Springs,A,Dowd,,1100,1250,150,5
40SM43,Beasley Mounds/Dixon Springs,A,Early Thruston,,1250,1350,40,5
40SU14,Castalian Springs,A,Spencer,,900,1100,80,4
40SU14,Castalian Springs,A,Dowd,,1100,1250,150,4
40SU14,Castalian Springs,A,Early Thruston,,1250,1350,40,4
40SU15,Rutheford-Kizer,A,Dowd,,1100,1250,60,5
40SU15,Rutheford-Kizer,A,Early Thruston,,1250,1350,100,5
40SU15,Rutheford-Kizer,A,Late Thruston,,1350,1450,40,5
40SU61,Moss-Wright Park,A,Dowd,,1100,1250,60,1
40SV1,McMahan Mound,A,Late Dallas,,1400,1600,80,1
40SV4,Henderson II,A,Dallas,,1300,1600,120,1
40SV9,McCrosky/Henderson I,A,Dallas,,1300,1600,120,1
40SW1,Gray Farm,A,Early Mississippian,,1000,1200,80,9
40SW1,Gray Farm,A,Middle Mississippian,,1200,1400,80,9
40SW13,LaGrange Plantation,A,Middle Mississippian,,1200,1400,80,3
40SY1,Chucalissa,A,Ensley,,950,1100,60,2
40SY1,Chucalissa,B,Mitchell,,1200,1250,50,2
40SY1,Chucalissa,B,Boxtown,,1250,1400,150,2
40SY1,Chucalissa,B,Walls,,1400,1550,60,2
40SY75,Rast,A,Late Mississippian,,1400,1600,80,1
40TP12,Wilder,A,Walls,,1400,1550,60,1
40TP13,Mound at Richardsons Landing,A,Late Mississippian,,1400,1600,80,1
40UN6,Hill Farm Stone mounds,A,Small Log,,1050,1250,80,3
40UN7,Wilson Farm Mound,A,Small Log,,1050,1250,80,1
40WH65,Cherry Creek Mound,A,Early Mississippian,,1000,1200,80,1
40WI1,Sellars/Sellars Farm/Lindsley Estate/Greenwood Earthworks,A,Spencer,,900,1100,80,3
40WI1,Sellars/Sellars Farm/Lindsley Estate/Greenwood Earthworks,A,Dowd,,1100,1250,150,3
40WI1,Sellars/Sellars Farm/Lindsley Estate/Greenwood Earthworks,A,Early Thruston,,1250,1350,100,3
40WI1,Sellars/Sellars Farm/Lindsley Estate/Greenwood Earthworks,A,Late Thruston,,1350,1450,40,3
40WM1,Fewkes/Boiling Springs Academy,A,Dowd,,1100,1250,60,5
40WM1,Fewkes/Boiling Springs Academy,A,Thruston,,1250,1450,80,5
40WM11,Gray's Farm/Fisher-Reams,A,Thruston,,1250,1450,80,3
40WM2,Old Town,A,Thruston,,1250,1450,80,5
40WM4,DeGraffenreid,A,Thruston,,1250,1450,80,9
40WR5,Myer's Mound,A,Early Mississippian,,1000,1200,80,1
9BI1,Macon Plateau,A,Macon Plateau,,1000,1100,40,8
9BI12,Stubbs,A,Early Savannah,,1150,1250,40,1
9BI12,Stubbs,B,Stubbs,,1350,1450,40,0
9BI128,Adele,A,Cowarts,,1450,1550,40,1
9BI2,Lamar,A,Woodstock,,900,1000,40,2
9BI2,Lamar,A,Macon Plateau,,1000,1100,40,0
9BI2,Lamar,B,Early Savannah,,1150,1250,40,0
9BI2,Lamar,C,Stubbs,,1350,1450,40,0
9BI2,Lamar,C,Cowarts,,1450,1550,40,0
9BL1,Shinholser,A,Early Savannah,,1150,1250,40,2
9BL1,Shinholser,B,Dyar,,1500,1575,75,0
9BN39,Lewis Mound and Village,A,St Catherines,,1000,1150,60,1
9BN39,Lewis Mound and Village,A,Savannah,,1150,1325,175,1
9BN39,Lewis Mound and Village,A,Irene,,1325,1425,100,1
9BN7,Seven Mile Bend,A,Late Savannah,,1250,1325,75,1
9BN7,Seven Mile Bend,B,Irene II,,1375,1425,50,1
9BN9,Red Bird Creek,A,Irene,,1325,1425,40,1
9BR1,Etowah,A,Early Etowah,,1000,1075,75,6
9BR1,Etowah,A,Late Etowah,,1075,1150,75,0
9BR1,Etowah,B,Early Wilbanks,,1250,1325,75,0
9BR1,Etowah,B,Late Wilbanks,,1325,1375,50,0
9BR1,Etowah,C,Brewster,,1475,1550,75,0
9BR26,Raccoon Creek,A,Late Savannah,,1250,1325,75,1
9BR26,Raccoon Creek,B,Brewster,,1475,1550,75,0
9BR3,Two Run Creek,A,Late Wilbanks,,1325,1375,50,1
9BR40,Conyers Farm,A,Early Etowah,,1000,1075,75,1
9BR40,Conyers Farm,B,Late Savannah,,1250,1325,75,0
9BR40,Conyers Farm,C,Brewster,,1475,1550,75,0
9BR6,Free Bridge,A,Late Savannah,,1250,1325,75,1
9BR6,Free Bridge,B,Brewster,,1475,1550,75,0
9CE3,Woolfolks,A,Averett,,900,1200,120,2
9CE5,Engineer's Landing,A,Lamar,,1350,1550,80,1
9CH1,Irene,A,Late Savannah,,1250,1325,75,2
9CH1,Irene,B,Irene II,,1375,1425,50,2
9CH15,Haven Home,A,Early Savannah,,1150,1250,40,1
9CH176,no name,A,Irene,,1325,1425,40,1
9CH2,Deptford,A,St Catherines,,1000,1150,60,1
9CH2,Deptford,A,Savannah,,1150,1325,70,1
9CH24,Middle Settlement Mound A,A,Irene II,,1375,1425,50,1
9CH32,Bluff Field Mound C,A,Irene,,1325,1425,40,1
9CI64,Cane Creek Mound,A,Lamar,,1350,1550,80,1
9CK1,Long Swamp,A,Late Etowah,,1075,1150,75,1
9CK1,Long Swamp,B,Late Savannah,,1250,1325,75,0
9CK1,Long Swamp,C,Middle Lamar,,1450,1550,40,0
9CK4,Horseshoe Bend,A,Late Savannah,,1250,1325,75,1
9CK4,Horseshoe Bend,B,Middle Lamar,,1450,1550,40,0
9CK5,Wilbanks,A,Early Etowah,,1000,1075,75,1
9CK5,Wilbanks,A,Late Etowah,,1075,1150,75,0
9CK5,Wilbanks,B,Late Savannah,,1250,1325,75,0
9CK5,Wilbanks,C,Middle Lamar,,1450,1550,40,0
9CM1,Fairview,A,Middle Mississippian,,1200,1400,80,1
9CM10,Stafford Mound,A,Savannah,,1150,1325,70,1
9CM72,Stafford Air Field,A,St Catherines,,1000,1150,60,1
9CM72,Stafford Air Field,A,Savannah,,1150,1325,70,1
9CM72,Stafford Air Field,B,Altamaha,,1600,1700,40,1
9CM79,Plum Orchard,A,St Catherines,,1000,1150,60,1
9CM79,Plum Orchard,A,Savannah,,1150,1325,70,1
9CM79,Plum Orchard,B,Altamaha,,1600,1700,40,1
9CY1,Mandeville,A,Rood I,,1100,1200,40,2
9CY62,Cemochechobee,A,Rood II,,1200,1300,40,3
9DO1,Vandiver,A,Early Savannah,,1150,1250,40,1
9DO1,Vandiver,B,Early lamar,,1350,1450,,0
9DO1,Vandiver,B,Lamar,,1350,1550,80,0
9DU1,Magnolia Plantation (Wauchope's Pine Island site),A,Middle Mississippian,,1200,1400,80,3
9DU500,Long Walk site (CAS162),A,Late Mississippian,,1400,1600,80,1
9EB1,Rembert,A,Early Etowah,,1000,1075,75,5
9EB1,Rembert,B,Beaverdam,,1150,1250,40,0
9EB1,Rembert,C,Rembert,,1350,1450,40,0
9EB85,Beaverdam Creek Mound,A,Beaverdam,,1150,1250,40,1
9EB86,Tate Mound,A,Jarrett,,1075,1150,75,1
9FL162,Nixon,A,Middle Lamar,,1450,1550,40,1
9FL3,Plant Hammond,A,Late Wilbanks,,1325,1375,50,1
9FO4,Thomas,A,Etowah,,1000,1150,60,1
9FO4,Thomas,A,Early Savannah,,1150,1250,100,0
9FO4,Thomas,A,Late Savannah,,1250,1325,75,0
9FU10,Standing Peachtree,A,unknown,,0,0,,1
9GE4,Scull Shoals site,A,Skull Shoals,,1150,1250,40,2
9GE4,Scull Shoals site,B,Lamar,,1350,1550,0,0
9GE4,Scull Shoals site,B,Iron Horse,,1425,1500,75,0
9GE4,Scull Shoals site,B,Dyar,,1500,1575,75,0
9GE5,Dyar,A,Stillhouse,,1075,1150,75,1
9GE5,Dyar,B,Duval,,1350,1425,75,0
9GE5,Dyar,B,Iron Horse,,1425,1500,75,0
9GE5,Dyar,B,Dyar,,1500,1575,75,0
9GN250,Oak Grove Mound A,A,Irene,,1325,1425,40,1
9GN28,Buck Swamp Mound,A,Savannah,,1150,1325,70,1
9GN28,Buck Swamp Mound,A,Irene,,1325,1425,40,1
9GN51,Kent Mound,A,Irene I,,1325,1375,50,1
9GN51,Kent Mound,A,Irene II,,1375,1425,50,1
9GN51,Kent Mound,B,Altamaha,,1600,1700,40,1
9GN54,Goodyear Mound,A,Savannah,,1150,1325,70,1
9GN55,Taylor Mound,A,Late Savannah,,1250,1325,75,1
9GN55,Taylor Mound,B,Altamaha,,1600,1700,40,1
9GN56,Oatland Mound,A,Savannah,,1150,1325,70,1
9GN6,Evelyn,A,Late Swift Creek,,600,800,80,5
9GN6,Evelyn,B,Savannah,,1150,1325,70,5
9GN6,Evelyn,B,Irene,,1325,1425,40,5
9GO4,Thompson,A,Woodstock,,900,1000,40,1
9GO4,Thompson,B,Barnett,,1450,1550,40,0
9GO8,Baxter,A,Late Etowah,,1075,1150,75,1
9GO8,Baxter,B,Barnett,,1450,1550,40,0
9HK1,Shoulderbone,A,Early Savannah,,1150,1250,40,3
9HK1,Shoulderbone,B,Duval,,1350,1425,75,0
9HK1,Shoulderbone,B,Iron Horse,,1425,1500,75,0
9HK1,Shoulderbone,B,Dyar,,1500,1575,75,0
9HS2,Winfree Mound,A,Middle Lamar,,1450,1550,40,1
9LI288,Mingledorf Mound II,A,Irene,,1325,1425,40,1
9LI3,South End Mound I,A,Irene,,1325,1425,40,1
9LS1,Sawyer,A,Early Savannah,,1150,1250,40,2
9LS1,Sawyer,B,Lamar,,1350,1550,80,2
9MC1,Lawton's Field Mound A,A,Irene,,1325,1425,40,1
9MC11,Shell Bluff,A,Savannah,,1150,1325,70,1
9MC12,Creighton Island North,A,Irene II,,1375,1425,50,1
9MC13,Creighton Island Landing,A,Irene II,,1375,1425,50,1
9MC16,Lewis Creek,A,Late Savannah,,1250,1325,75,5
9MC17,Mound near Contenment,A,Savannah,,1150,1325,70,1
9MC2,Lawton's Field Mound B,A,Irene,,1325,1425,40,1
9MC20,Bourbon Mound,A,Savannah,,1150,1325,70,1
9MC20,Bourbon Mound,B,Irene II,,1375,1425,50,1
9MC20,Bourbon Mound,C,Altamaha,,1600,1700,40,1
9MC21,Low Bourbon Mound,A,Savannah,,1150,1325,70,1
9MC21,Low Bourbon Mound,A,Irene,,1325,1425,40,1
9MC21,Low Bourbon Mound,B,Altamaha,,1600,1700,40,1
9MC22,DuMoussays Field,A,Late Savannah,,1250,1325,75,1
9MC22,DuMoussays Field,A,Irene,,1325,1425,40,1
9MC24,Kenan Field Mound A,A,Savannah,,1150,1325,55.2,1
9MC24,Kenan Field Mound A,A,Middle Mississippian,,1200,1400,65.2,1
9MC24,Kenan Field Mound A,A,Irene I,,1325,1375,50,1
9MC259,Eulonia Mound A,A,Savannah,,1150,1325,70,2
9MC341,Creighton Island south of North end field,A,Irene,,1325,1425,40,1
9MC4,Townsend Mound,A,Irene II,,1375,1425,50,1
9MC414,Little Pine Island,A,Irene,,1325,1425,40,1
9MC59,Norman Mound,A,Late Savannah,,1250,1325,75,1
9MC59,Norman Mound,A,Irene I,,1325,1375,50,1
9MC67,Kenan Field Mound B,A,Savannah,,1150,1325,70,2
9MC67,Kenan Field Mound B,A,Irene I,,1325,1375,50,2
9ME3,Kyle/Kyle Landing/Cooper,A,Averett,,900,1200,120,1
9ME3,Kyle/Kyle Landing/Cooper,B,Abercrombie,,1600,1650,50,0
9MG46,Little River,A,Dyar,,1500,1575,75,3
9MU100,Sixtoe Field,A,Early Etowah,,1000,1075,75,1
9MU101,Bell Field,A,Late Savannah,,1250,1325,75,1
9MU102,Little Egypt,A,Little Egypt,,1350,1450,40,2
9MU102,Little Egypt,A,Barnett,,1450,1550,100,0
9MU102,Little Egypt,A,Late Lamar,,1550,1800,100,0
9PU10,Sandy Hammock,A,Early Savannah,,1150,1250,40,1
9QU1,Gary's Fish Pond,A,Rood III,,1300,1400,40,1
9QU1,Gary's Fish Pond,A,Singer,,1400,1450,50,1
9QU5,Cool Branch,A,Rood I,,1100,1200,40,1
9RA3,Dillard Mound,A,Etowah,,1000,1150,60,1
9RA3,Dillard Mound,B,Middle Lamar,,1450,1550,40,0
9RA3,Dillard Mound,B,Late Lamar,,1550,1800,100,0
9RI1,Hollywood,A,Hollywood,,1250,1350,40,2
9SN215,Spring Lake,A,Hollywood,,1250,1350,40,1
9SN3,Mound near Hudson's Ferry,A,Middle Mississippian,,1200,1400,80,1
9SN4,Red Lake,A,Hollywood,,1250,1350,40,3
9ST1,Tugalo,A,Jarrett,,1075,1150,75,1
9ST1,Tugalo,B,Early lamar,,1350,1450,40,0
9ST1,Tugalo,B,Tugalo,,1450,1550,40,0
9ST1,Tugalo,C,Estatoe,,1650,1750,40,0
9ST3,Estatoe,A,Jarrett,,1075,1150,75,1
9ST3,Estatoe,B,Rembert,,1350,1450,40,0
9ST3,Estatoe,B,Tugalo,,1450,1550,40,0
9ST3,Estatoe,C,Estatoe,,1650,1750,40,0
9SW1,Rood's Landing,A,Rood I,,1100,1200,40,8
9SW1,Rood's Landing,B,Rood III,,1300,1400,40,8
9SW1,Rood's Landing,C,Stewart,,1550,1600,50,8
9SW2,Singer-Moye,A,Rood I,,1100,1200,40,8
9SW2,Singer-Moye,B,Rood III,,1300,1400,40,8
9SW2,Singer-Moye,B,Singer,,1400,1450,50,8
9TP41,Park Mound,A,Early Savannah,,1150,1250,40,1
9TP41,Park Mound,B,Early lamar,,1350,1450,40,0
9TP41,Park Mound,B,Bull Creek,,1450,1550,40,0
9TP64,Avery,A,Rood,,1100,1400,120,2
9TP64,Avery,B,Bull Creek,,1450,1550,40,0
9TR1,Neisler,A,Brunson,,1150,1225,75,1
9TR1,Neisler,B,Thorton,,1325,1450,50,0
9TR1,Neisler,B,Lockett,,1450,1550,40,0
9TR12,Hartley-Posey,A,Brunson,,1150,1225,75,1
9TR12,Hartley-Posey,B,Lockett,,1450,1550,40,0
9TW1,Bullard Landing,A,Cowarts,,1450,1550,40,1
9WH2,Eastwood,A,Early Etowah,,1000,1075,75,1
9WH2,Eastwood,B,Middle Lamar,,1450,1550,40,0
9WH3,Nacoochee,A,Etowah,,1000,1150,60,1
9WH3,Nacoochee,B,Middle Lamar,,1450,1550,40,0
9WY13,Mound Opposite Fort Barrington,A,Savannah,,1150,1325,70,1
9WY9,Paradise Park Mounds and Village -9WY9,A,Savannah,,1150,1325,70,2
